0.006557377;0.003278689;0;0;0.003278689;0.009836066;0;0;0;0.003278689;0.006557377;0.003278689;0;0.006557377;0;0.003278689;0;0.006557377;0.003278689;0;0.006557377;0;0;0;0;0.006557377;0;0;0;0;0.003278689;0;0.003278689;0;0;0.003278689;0.003278689;0.006557377;0;0.006557377;0;0.003278689;0.003278689;0.003278689;0.003278689;0;0.003278689;0.003278689;0;0.006557377;0.006557377;0;0;0;0.006557377;0;0.006557377;0.006557377;0;0.003278689;0;0;0.009836066;0;0.003278689;0.006557377;0;0;0;0.006557377;0;0;0.003278689;0;0;0;0;0;0;0;0;0.003278689;0.003278689;0;0;0;0;0;0;0.009836066;0;0.006557377;0.003278689;0.003278689;0.003278689;0.003278689;0.009836066;0.006557377;0;0.003278689;0;0.003278689;0.003278689;0;0.006557377;0;0.003278689;0.003278689;0.003278689;0.003278689;0.003278689;0.006557377;0.006557377;0.003278689;0.003278689;0.016393443;0.009836066;0.009836066;0;0;0.003278689;0;0;0;0;0;0.003278689;0;0;0;0.003278689;0.003278689;0;0;0;0.003278689;0;0.006557377;0;0;0.003278689;0.003278689;0.003278689;0;0;0.003278689;0;0;0.003278689;0.006557377;0;0.003278689;0;0.003278689;0.003278689;0;0.003278689;0;0;0;0;0;0;0.003278689;0.003278689;0.003278689;0;0;0;0.003278689;0.003278689;0;0;0;0;0.003278689;0.003278689;0.006557377;0;0.006557377;0.006557377;0;0.006557377;0.006557377;0;0.006557377;0;0.003278689;0.009836066;0.009836066;0;0.016393443;0.003278689;0.003278689;0.003278689;0.003278689;0.003278689;0.006557377;0.003278689;0.003278689;0.003278689;0.003278689;0;0.003278689;0;0;0.003278689;0;0.003278689;0.003278689;0;0.003278689;0;0.003278689;0.003278689;0;0;0.003278689;0;0;0;0.003278689;0.003278689;0;0.009836066;0.019672131;0.003278689;0.003278689;0;0.003278689;0;0;0.006557377;0;0.003278689;0;0;0.006557377;0;0.006557377;0;0;0;0;0.006557377;0.003278689;0;0;0.006557377;0.006557377;0;0.006557377;0;0;0.003278689;0.006557377;0.003278689;0;0;0;0.006557377;0.006557377;0.003278689;0;0;0;0;0;0;0.003278689;0;0.006557377;0.003278689;0;0;0;0.009836066;0.003278689;0;0;0;0;0;0;0.003278689;0;0.003278689;0.003278689;0.006557377;0;0;0;0.003278689;0.006557377;0;0;0.003278689;0.003278689;0.003278689;0;0.006557377;0.003278689;0;0.003278689;0.006557377;0.013114754;0;0;0;0.003278689;0.003278689;0.003278689;0.003278689;0;0;0;0;0.006557377;0;0;0.006557377;0.003278689;0.006557377;0;0.006557377;0.006557377;0;0.009836066;0;0.006557377;0;0;0.006557377;0.003278689;0;0.003278689;0.016393443;0.003278689;0;0;0.003278689;0;0.009836066;0.003278689;0;0.003278689;0.003278689;0.009836066;0;0.013114754;0;0.003278689;0;0.009836066;0.006557377;0.003278689;0.006557377;0.006557377;0;0.006557377;0;0;0;0;0.003278689;0;0;0;0;0.006557377;0;0;0;0;0;0;0;0;0;0;0.003278689;0.003278689;0.003278689;0.006557377;0;0.003278689;0;0;0.003278689;0;0.003278689;0.006557377;0;0.003278689;0;0;0;0;0;0;5R7Y:A
0;0;0;0;0;0;0;0.015267176;0.007633588;0.015267176;0;0.007633588;0;0.007633588;0;0.015267176;0;0;0;0;0;0;0;0;0;0;0;0;0;0;0;0;0;0;0;0;0;0;0;0;0;0;0;0;0;0;0;0.015267176;0.007633588;0.015267176;0;0;0;0;0.007633588;0.007633588;0;0.015267176;0;0;0;0;0;0;0;0;0;0.007633588;0;0.007633588;0;0.007633588;0;0;0;0.015267176;0;0.007633588;0;0;0;0;0;0;0;0.007633588;0;0;0;0;0;0.007633588;0;0;0;0;0;0;0;0;0.007633588;0;0.007633588;0;0;0.022900763;0;0.007633588;0.022900763;0;0;0;0.007633588;0;0.007633588;0;0;0.007633588;0;0;0;0;0;0;0;0;0;0;0;0;0;0;0;0;0;0;0;0;0;0;0.007633588;0;0.015267176;0;0;0.007633588;0;0;0;0.007633588;0;0.007633588;0;0.015267176;0;0.015267176;0;0;0;0;0;0;0;0.007633588;0;0;0;0.007633588;0;0.015267176;0;0.007633588;0;0.007633588;0;0;0;0.007633588;0;0.007633588;0;0;0.007633588;0;0;0.022900763;0;0.015267176;0;0;0;0.030534351;0;0.015267176;0;0.022900763;0;0.007633588;0;0.007633588;0;0;0;0;0;0;0;0;0;0;0;0;0;0;0;0;0;0;0;0;0.015267176;0;0.007633588;0.015267176;0.007633588;0;0;0.007633588;0;0.007633588;0;0;0;0.022900763;0;0.007633588;0.007633588;0.007633588;0;0;0;0;0.007633588;0;0;0;0;0;0;0;0;0;0;0;0;0;0;0;0;0;0.007633588;0;0.015267176;0.007633588;0.007633588;0;0;0;0.015267176;0.007633588;0;0.015267176;0;0;0;0;0;0;0;0;0;0;0;0;0;0.007633588;0;0;0;0.015267176;0;0;0;0;0;0;0;0;0;0;0.015267176;0;0;0;0;0.015267176;0;0;0;0.015267176;0;0.007633588;0;0;0.007633588;0.022900763;0.007633588;0.015267176;0;0;0.007633588;0;0;0;0;0;0;0;0;0.007633588;0;0;0;0.007633588;0;0;0;0;0;0;0.007633588;0;0.007633588;0.007633588;0;0;0;0;0.007633588;0.015267176;0;0.015267176;0;0;0;0;0.007633588;0.015267176;0;0;0;0;0;0;0;0;0;0;0;0;0;0;0;0;0;0;0;0;0;0;0;0;0;0.007633588;0;0.007633588;0;0;0;0;0;0;0;0;0;0;0;0;0;0;6LXT:A
0.005033557;0;0.001677852;0.003355705;0.001677852;0.003355705;0.003355705;0;0.006711409;0.006711409;0.001677852;0.005033557;0;0.005033557;0.001677852;0.003355705;0.001677852;0.003355705;0.005033557;0.005033557;0;0;0.003355705;0;0;0;0.001677852;0;0;0.003355705;0;0.001677852;0;0.001677852;0;0;0.001677852;0;0;0;0.003355705;0;0.001677852;0.001677852;0.005033557;0.001677852;0;0.001677852;0.005033557;0.003355705;0.003355705;0.003355705;0.003355705;0.005033557;0;0;0;0.003355705;0.001677852;0.010067114;0.008389262;0.001677852;0.008389262;0.006711409;0;0.003355705;0.003355705;0.011744966;0.003355705;0;0.005033557;0.005033557;0.006711409;0.003355705;0.001677852;0.001677852;0.003355705;0.003355705;0;0.001677852;0;0;0;0.003355705;0.001677852;0.001677852;0.003355705;0.001677852;0.003355705;0.008389262;0;0.003355705;0;0.005033557;0.001677852;0;0.003355705;0.003355705;0.003355705;0.001677852;0.003355705;0.001677852;0.008389262;0.003355705;0.003355705;0;0.001677852;0;0.006711409;0.005033557;0;0.001677852;0.001677852;0.005033557;0.001677852;0.001677852;0.001677852;0.003355705;0.001677852;0.001677852;0.001677852;0;0.001677852;0.006711409;0;0;0.001677852;0.001677852;0.001677852;0.005033557;0;0;0.001677852;0;0;0;0.001677852;0.001677852;0;0.001677852;0;0;0.001677852;0.003355705;0.001677852;0.003355705;0;0;0.001677852;0.003355705;0.003355705;0.001677852;0.001677852;0.003355705;0.001677852;0.003355705;0.001677852;0.003355705;0;0.001677852;0.001677852;0.001677852;0.003355705;0.003355705;0.003355705;0.003355705;0.003355705;0;0.001677852;0.005033557;0;0.005033557;0.003355705;0.003355705;0.003355705;0.005033557;0.001677852;0.003355705;0.005033557;0;0.005033557;0.001677852;0.003355705;0.005033557;0.006711409;0.005033557;0.003355705;0.001677852;0.008389262;0.011744966;0.003355705;0.006711409;0.005033557;0.006711409;0.005033557;0.005033557;0.008389262;0;0.001677852;0.006711409;0.005033557;0.001677852;0.001677852;0;0;0.001677852;0;0;0.003355705;0.005033557;0;0.005033557;0;0;0;0.003355705;0.001677852;0.003355705;0.001677852;0.001677852;0.003355705;0;0.001677852;0.008389262;0.001677852;0.005033557;0.003355705;0.003355705;0.001677852;0.003355705;0.006711409;0.001677852;0.003355705;0;0;0.006711409;0.005033557;0.006711409;0;0.003355705;0.003355705;0;0.003355705;0;0.005033557;0.003355705;0.001677852;0.001677852;0.003355705;0.010067114;0;0.003355705;0;0.001677852;0;0.001677852;0.001677852;0.001677852;0.001677852;0.001677852;0.008389262;0;0;0.006711409;0.003355705;0.001677852;0;0;0.005033557;0.005033557;0.001677852;0.006711409;0.001677852;0.001677852;0.001677852;0.003355705;0;0;0.001677852;0.001677852;0.003355705;0;0;0.001677852;0.001677852;0.003355705;0;0.003355705;0;0.005033557;0;0.001677852;0.003355705;0;0;0.001677852;0.001677852;0;0.001677852;0.001677852;0.003355705;0;0;0.005033557;0.003355705;0;0;0.001677852;0.001677852;0.008389262;0.001677852;0.003355705;0.005033557;0;0.001677852;0.003355705;0.010067114;0.003355705;0.003355705;0.001677852;0.003355705;0;0.005033557;0.005033557;0.003355705;0.001677852;0;0.006711409;0.001677852;0.006711409;0.003355705;0.003355705;0.001677852;0.001677852;0.001677852;0;0;0.003355705;0.001677852;0.003355705;0;0.003355705;0.003355705;0.003355705;0.001677852;0.011744966;0;0;0.001677852;0.003355705;0;0.001677852;0.003355705;0.003355705;0.003355705;0.003355705;0.003355705;0.005033557;0;0;0.001677852;0;0.003355705;0.005033557;0;0.001677852;0;0;0;0.001677852;0.003355705;0.001677852;0;0;0.005033557;0.005033557;0.003355705;0;0.001677852;0;0.003355705;0.001677852;0.003355705;0.006711409;0.001677852;0.001677852;0;0.001677852;0;0;0.001677852;0.003355705;0.003355705;0.003355705;0;0.006711409;0.001677852;0.003355705;0.001677852;0.001677852;6LZG:A
0;0;0.013157895;0;0;0.004385965;0;0;0;0;0;0;0.00877193;0;0;0.00877193;0.00877193;0;0.00877193;0;0;0;0;0;0.004385965;0.004385965;0;0;0;0;0;0.004385965;0.004385965;0;0;0;0;0.013157895;0;0.00877193;0;0;0.004385965;0.004385965;0.004385965;0;0;0.004385965;0;0.004385965;0;0;0;0;0;0.00877193;0;0;0;0.00877193;0;0;0;0;0;0.004385965;0;0.004385965;0;0.004385965;0;0;0;0;0.004385965;0.004385965;0;0.00877193;0;0;0.004385965;0;0;0.00877193;0;0.004385965;0.004385965;0;0.004385965;0;0;0.00877193;0.00877193;0.004385965;0.004385965;0.004385965;0.00877193;0.004385965;0;0;0;0.004385965;0.004385965;0.004385965;0.00877193;0.004385965;0;0;0.004385965;0;0;0.004385965;0.004385965;0.004385965;0;0.004385965;0;0.013157895;0;0.004385965;0.004385965;0;0;0;0;0;0.021929825;0;0;0;0;0;0;0;0;0;0;0;0;0;0.013157895;0;0;0;0;0;0;0;0;0;0;0;0;0;0.004385965;0.00877193;0.004385965;0.004385965;0;0.004385965;0;0.00877193;0;0;0;0;0;0.004385965;0.004385965;0.00877193;0;0.004385965;0.004385965;0;0.004385965;0.00877193;0;0.004385965;0;0;0;0.00877193;0.004385965;0;0.004385965;0;0.004385965;0;0.004385965;0.004385965;0;0.004385965;0.004385965;0.004385965;0;0.004385965;0;0.004385965;0;0.00877193;0;0;0;0;0;0;0;0;0;0;0;0;0;0;0;0;0;0;0;0;0.004385965;0.00877193;0.004385965;0;0.004385965;0.00877193;0;0.004385965;0.004385965;0.01754386;0;0.004385965;0;0;0.004385965;0.00877193;0;0.004385965;0;0.013157895;0.004385965;0.004385965;0.004385965;0;0.00877193;0.004385965;0;0;0.004385965;0.004385965;0;0.004385965;0;0;0;0;0.013157895;0;0;0.004385965;0.004385965;0;0;0;0;0;0;0.004385965;0;0;0;0;0.013157895;0;0;0.004385965;0.004385965;0;0;0;0;0;0.004385965;0;0.00877193;0.004385965;0;0.004385965;0.00877193;0.004385965;0;0;0;0.004385965;0;0;0;0.00877193;0;0;0.004385965;0;0;0;0.013157895;0;0;0.004385965;0.004385965;0;0;0.013157895;0.004385965;0;0;0;0.01754386;0.00877193;0;0.004385965;0;0;0;0.00877193;0.004385965;0.00877193;0;0;0.004385965;0;0;0.01754386;0.004385965;0;0.004385965;0;0;0.004385965;0;0;0.004385965;0.004385965;0;0.004385965;0.004385965;0.00877193;0;0.00877193;0.004385965;0.00877193;0;0.004385965;0;0.004385965;0.00877193;0.004385965;0;0.00877193;0;0.00877193;0;0;0;0;0;0;0;0;0;0;0;0.00877193;0;0;0;0;0;0;0;0;0.00877193;0;0;0;0.004385965;0.00877193;0;0;0.004385965;0.004385965;0;0.013157895;0;0.00877193;0.00877193;0.004385965;0;0;0;0;6LZG:B
0.004983389;0;0.00166113;0.003322259;0.00166113;0.003322259;0.003322259;0;0.006644518;0.006644518;0.00166113;0.004983389;0;0.004983389;0.00166113;0.003322259;0.00166113;0.003322259;0.004983389;0.004983389;0;0;0.003322259;0;0;0;0.00166113;0;0;0.003322259;0;0.00166113;0;0.00166113;0;0;0.00166113;0;0;0;0.003322259;0;0.00166113;0.00166113;0.004983389;0.00166113;0.00166113;0.00166113;0.004983389;0.003322259;0.003322259;0.003322259;0.003322259;0.004983389;0;0;0;0.003322259;0.00166113;0.009966777;0.008305648;0.00166113;0.008305648;0.006644518;0;0.003322259;0.003322259;0.011627907;0.003322259;0;0.004983389;0.004983389;0.006644518;0.003322259;0.00166113;0.00166113;0.003322259;0.003322259;0;0.00166113;0;0;0;0.003322259;0.00166113;0.00166113;0.003322259;0.00166113;0.003322259;0.008305648;0;0.003322259;0;0.004983389;0.00166113;0;0.003322259;0.003322259;0.003322259;0.00166113;0.003322259;0.00166113;0.008305648;0.003322259;0.003322259;0;0.00166113;0;0.006644518;0.004983389;0;0.00166113;0.00166113;0.004983389;0.00166113;0.00166113;0.00166113;0.003322259;0.00166113;0.00166113;0.00166113;0;0.00166113;0.006644518;0;0;0.009966777;0.00166113;0.00166113;0.004983389;0;0;0.00166113;0;0;0;0.00166113;0.00166113;0;0.00166113;0;0;0.00166113;0.003322259;0.00166113;0.003322259;0;0;0.00166113;0.003322259;0.003322259;0.00166113;0.00166113;0.003322259;0.00166113;0.003322259;0.00166113;0.003322259;0;0.00166113;0.00166113;0.00166113;0.003322259;0.003322259;0.003322259;0.003322259;0.003322259;0;0.00166113;0.004983389;0;0.004983389;0.003322259;0.003322259;0.003322259;0.004983389;0.00166113;0.003322259;0.004983389;0;0.004983389;0.00166113;0.003322259;0.004983389;0.006644518;0.004983389;0.003322259;0.00166113;0.008305648;0.011627907;0.003322259;0.006644518;0.004983389;0.006644518;0.004983389;0.004983389;0.008305648;0;0.00166113;0.006644518;0.004983389;0.00166113;0.00166113;0;0;0.00166113;0;0;0.003322259;0.004983389;0;0.004983389;0;0;0;0.003322259;0.00166113;0.003322259;0.00166113;0.00166113;0.003322259;0;0.00166113;0.008305648;0.00166113;0.004983389;0.003322259;0.003322259;0.00166113;0.003322259;0.006644518;0.00166113;0.003322259;0;0;0.006644518;0.004983389;0.006644518;0;0.003322259;0.003322259;0;0.003322259;0;0.004983389;0.003322259;0.00166113;0.00166113;0.003322259;0.009966777;0;0.003322259;0;0.00166113;0;0.00166113;0.00166113;0.00166113;0.00166113;0.00166113;0.008305648;0;0;0.006644518;0.003322259;0.00166113;0;0;0.004983389;0.004983389;0.00166113;0.006644518;0.00166113;0.00166113;0.00166113;0.003322259;0;0;0.00166113;0.00166113;0.003322259;0;0;0.00166113;0.00166113;0.003322259;0;0.003322259;0;0.004983389;0;0.00166113;0.003322259;0;0;0.00166113;0.00166113;0;0.00166113;0.00166113;0.003322259;0;0;0.004983389;0.003322259;0;0;0.00166113;0.00166113;0.008305648;0.00166113;0.003322259;0.004983389;0;0.00166113;0.003322259;0.009966777;0.003322259;0.003322259;0.00166113;0.003322259;0;0.004983389;0.004983389;0.003322259;0.00166113;0;0.006644518;0.00166113;0.006644518;0.003322259;0.003322259;0.00166113;0.00166113;0.00166113;0;0;0.003322259;0.00166113;0.003322259;0;0.003322259;0.003322259;0.003322259;0.00166113;0.011627907;0;0;0.00166113;0.003322259;0;0.00166113;0.003322259;0.003322259;0.003322259;0.003322259;0.003322259;0.004983389;0;0;0.00166113;0;0.003322259;0.004983389;0;0.00166113;0;0;0;0.00166113;0.003322259;0.00166113;0;0;0.004983389;0.004983389;0.003322259;0;0.00166113;0;0.003322259;0.00166113;0.003322259;0.006644518;0.00166113;0.00166113;0;0.00166113;0;0;0.00166113;0.003322259;0.003322259;0.003322259;0;0.006644518;0.00166113;0.003322259;0.00166113;0.00166113;6M0J:A
0.001531394;0.001531394;0.001531394;0.001531394;0.007656968;0.004594181;0;0.006125574;0;0.001531394;0;0;0;0.006125574;0.003062787;0.007656968;0.003062787;0.003062787;0.001531394;0.001531394;0.003062787;0;0.001531394;0.003062787;0.001531394;0;0;0;0;0.006125574;0;0.001531394;0.001531394;0.003062787;0;0;0.001531394;0.001531394;0;0;0.004594181;0.003062787;0.006125574;0.003062787;0;0;0.001531394;0.003062787;0.001531394;0.004594181;0.001531394;0.001531394;0.003062787;0;0.001531394;0.004594181;0.001531394;0;0;0.003062787;0.004594181;0.001531394;0;0.003062787;0.004594181;0.006125574;0;0;0.001531394;0.004594181;0.001531394;0.003062787;0.001531394;0.001531394;0;0;0.004594181;0.004594181;0;0;0.001531394;0.004594181;0.001531394;0;0.006125574;0.003062787;0;0.004594181;0;0.009188361;0.004594181;0.003062787;0.003062787;0.003062787;0.001531394;0.007656968;0.006125574;0.003062787;0.003062787;0;0.004594181;0;0.003062787;0;0.007656968;0.004594181;0.001531394;0.004594181;0.001531394;0.016845329;0;0.004594181;0.001531394;0.003062787;0.001531394;0.004594181;0.003062787;0.006125574;0;0.004594181;0;0.001531394;0;0;0;0.001531394;0;0;0.001531394;0;0;0.001531394;0.001531394;0.001531394;0;0;0;0;0;0;0.001531394;0.001531394;0;0.004594181;0.006125574;0.006125574;0.001531394;0.006125574;0;0.003062787;0.003062787;0.004594181;0.009188361;0.001531394;0.004594181;0.007656968;0.003062787;0.007656968;0.001531394;0.001531394;0.003062787;0;0.004594181;0.001531394;0;0.003062787;0;0.001531394;0;0.001531394;0.001531394;0;0.003062787;0;0;0.003062787;0;0;0.003062787;0.001531394;0.009188361;0.003062787;0.004594181;0.004594181;0.007656968;0.009188361;0;0.013782542;0.004594181;0.009188361;0.001531394;0.004594181;0.006125574;0.001531394;0.003062787;0.007656968;0.012251149;0.006125574;0.001531394;0.004594181;0.001531394;0.001531394;0;0.001531394;0.003062787;0;0;0.003062787;0;0.007656968;0;0.001531394;0.001531394;0.001531394;0;0;0;0.001531394;0.001531394;0;0.003062787;0.001531394;0;0.001531394;0.001531394;0.006125574;0.001531394;0.004594181;0.003062787;0;0.001531394;0.001531394;0.001531394;0.001531394;0;0.004594181;0.001531394;0.004594181;0.001531394;0;0.003062787;0;0.003062787;0.001531394;0.001531394;0.006125574;0;0;0.006125574;0.012251149;0;0.006125574;0.001531394;0;0;0.003062787;0;0.001531394;0.001531394;0.003062787;0;0;0.001531394;0.006125574;0;0.001531394;0;0;0.003062787;0.001531394;0;0;0.001531394;0.001531394;0.004594181;0.001531394;0.003062787;0.003062787;0.001531394;0.003062787;0.001531394;0.001531394;0;0.001531394;0.003062787;0.004594181;0;0.001531394;0;0.003062787;0;0.001531394;0.001531394;0;0.001531394;0.001531394;0;0.004594181;0;0.001531394;0;0;0.004594181;0.001531394;0.006125574;0.006125574;0.001531394;0.009188361;0;0.007656968;0.004594181;0;0.004594181;0.003062787;0.001531394;0.007656968;0.007656968;0.010719755;0.001531394;0.004594181;0.001531394;0.003062787;0;0.003062787;0.001531394;0.006125574;0;0.007656968;0.001531394;0.009188361;0;0.003062787;0.001531394;0.003062787;0;0.006125574;0.001531394;0;0.003062787;0.001531394;0.003062787;0;0.007656968;0.003062787;0.006125574;0.003062787;0.001531394;0.006125574;0;0.009188361;0;0;0.003062787;0;0.001531394;0.006125574;0.004594181;0.015313936;0.003062787;0.009188361;0;0;0.003062787;0;0;0;0;0.001531394;0;0.003062787;0.001531394;0;0.001531394;0.001531394;0.003062787;0.006125574;0;0.001531394;0.001531394;0.003062787;0.004594181;0;0.001531394;0.001531394;0.001531394;0.001531394;0;0.001531394;0.003062787;0.004594181;0.003062787;0.003062787;0.001531394;0;0.001531394;0.003062787;0;0.007656968;0.001531394;0.001531394;6M17:A
0.004920049;0;0.001230012;0.002460025;0.002460025;0.002460025;0.002460025;0.001230012;0.004920049;0.006150062;0.002460025;0.004920049;0.001230012;0.003690037;0.002460025;0.003690037;0.001230012;0.003690037;0.004920049;0.006150062;0;0;0.002460025;0;0;0;0.001230012;0;0;0.002460025;0;0.001230012;0;0.001230012;0;0;0.001230012;0;0;0;0.003690037;0;0.002460025;0.001230012;0.003690037;0.001230012;0;0.003690037;0.004920049;0.002460025;0.002460025;0.004920049;0.002460025;0.004920049;0.001230012;0;0;0.004920049;0.001230012;0.007380074;0.006150062;0.001230012;0.007380074;0.006150062;0.001230012;0.002460025;0.002460025;0.008610086;0.004920049;0;0.004920049;0.006150062;0.004920049;0.002460025;0.001230012;0.001230012;0.002460025;0.003690037;0.001230012;0.001230012;0;0;0;0.003690037;0.002460025;0.003690037;0.002460025;0.001230012;0.002460025;0.008610086;0;0.003690037;0;0.004920049;0.003690037;0;0.003690037;0.003690037;0.002460025;0.001230012;0.002460025;0.001230012;0.007380074;0.006150062;0.003690037;0;0.001230012;0.003690037;0.004920049;0.003690037;0;0.001230012;0.002460025;0.003690037;0.001230012;0.001230012;0.001230012;0.004920049;0.001230012;0.001230012;0.001230012;0;0.001230012;0.004920049;0;0;0.001230012;0.001230012;0.001230012;0.003690037;0;0;0.002460025;0;0;0;0.001230012;0.001230012;0;0.001230012;0;0;0.002460025;0.002460025;0.002460025;0.002460025;0;0.001230012;0.002460025;0.004920049;0.002460025;0.002460025;0.002460025;0.003690037;0.003690037;0.006150062;0.001230012;0.006150062;0.001230012;0.001230012;0.004920049;0.001230012;0.002460025;0.002460025;0.002460025;0.003690037;0.002460025;0;0.003690037;0.003690037;0;0.007380074;0.003690037;0.003690037;0.002460025;0.004920049;0.001230012;0.004920049;0.003690037;0;0.003690037;0.001230012;0.002460025;0.004920049;0.007380074;0.007380074;0.002460025;0.003690037;0.009840098;0.011070111;0.002460025;0.006150062;0.003690037;0.004920049;0.003690037;0.004920049;0.006150062;0.001230012;0.001230012;0.004920049;0.003690037;0.001230012;0.001230012;0;0;0.002460025;0;0.001230012;0.002460025;0.003690037;0;0.003690037;0;0;0.002460025;0.003690037;0.001230012;0.002460025;0.001230012;0.002460025;0.002460025;0;0.004920049;0.007380074;0.002460025;0.003690037;0.002460025;0.002460025;0.002460025;0.003690037;0.004920049;0.002460025;0.004920049;0.002460025;0;0.006150062;0.004920049;0.006150062;0;0.002460025;0.002460025;0;0.002460025;0;0.003690037;0.003690037;0.001230012;0.001230012;0.003690037;0.007380074;0;0.003690037;0.002460025;0.002460025;0.002460025;0.001230012;0.002460025;0.002460025;0.001230012;0.002460025;0.006150062;0;0;0.004920049;0.003690037;0.001230012;0;0;0.003690037;0.003690037;0.002460025;0.006150062;0.003690037;0.001230012;0.001230012;0.004920049;0.001230012;0;0.001230012;0.002460025;0.002460025;0;0.001230012;0.001230012;0.001230012;0.002460025;0;0.006150062;0.001230012;0.004920049;0.001230012;0.001230012;0.002460025;0.001230012;0;0.006150062;0.002460025;0.001230012;0.001230012;0.001230012;0.003690037;0;0.001230012;0.003690037;0.004920049;0.001230012;0.001230012;0.004920049;0.002460025;0.009840098;0.001230012;0.002460025;0.003690037;0;0.003690037;0.007380074;0.007380074;0.003690037;0.003690037;0.001230012;0.004920049;0;0.004920049;0.004920049;0.002460025;0.002460025;0;0.004920049;0.001230012;0.006150062;0.002460025;0.002460025;0.001230012;0.001230012;0.001230012;0.001230012;0;0.002460025;0.001230012;0.002460025;0.003690037;0.002460025;0.002460025;0.003690037;0.002460025;0.009840098;0;0.002460025;0.002460025;0.002460025;0.001230012;0.001230012;0.002460025;0.003690037;0.004920049;0.004920049;0.004920049;0.006150062;0;0;0.001230012;0;0.002460025;0.003690037;0;0.001230012;0;0;0;0.003690037;0.002460025;0.002460025;0;0;0.003690037;0.004920049;0.002460025;0;0.001230012;0;0.004920049;0.001230012;0.002460025;0.006150062;0.002460025;0.001230012;0;0.001230012;0;0.001230012;0.001230012;0.002460025;0.002460025;0.002460025;0;0.004920049;0.001230012;0.002460025;0.001230012;0.001230012;6M17:B
0;0;0.013513514;0;0;0.004504505;0;0;0;0;0;0;0.009009009;0;0;0.009009009;0.009009009;0;0.009009009;0;0;0;0;0;0.004504505;0.004504505;0;0;0;0;0;0.004504505;0.004504505;0;0;0;0;0.013513514;0;0.009009009;0;0;0.004504505;0.004504505;0.004504505;0;0;0.004504505;0;0.004504505;0;0;0;0;0;0.009009009;0;0;0;0.009009009;0;0;0;0;0;0.004504505;0;0.004504505;0;0.004504505;0;0;0;0;0.004504505;0.004504505;0;0.009009009;0;0;0.004504505;0;0;0.009009009;0;0.004504505;0;0;0.004504505;0;0;0.009009009;0.009009009;0.004504505;0.004504505;0.004504505;0.009009009;0.004504505;0;0;0;0.004504505;0.004504505;0.004504505;0.009009009;0.004504505;0;0;0.004504505;0;0;0.004504505;0.004504505;0.004504505;0;0.004504505;0;0.013513514;0;0.004504505;0.004504505;0;0;0;0;0;0;0;0;0;0;0;0;0;0;0;0;0;0;0;0.013513514;0;0;0;0;0;0;0;0;0;0;0;0;0;0.004504505;0.009009009;0.004504505;0.004504505;0;0.004504505;0;0.009009009;0;0;0;0;0;0.004504505;0.004504505;0.009009009;0;0.004504505;0.004504505;0;0.004504505;0.009009009;0;0.004504505;0;0;0;0.009009009;0.004504505;0;0.004504505;0;0.004504505;0;0.004504505;0.004504505;0;0.004504505;0.004504505;0.004504505;0;0.004504505;0;0.004504505;0;0.009009009;0;0;0;0;0;0;0;0;0;0;0;0;0;0;0;0;0;0;0;0;0.004504505;0.009009009;0.004504505;0;0.004504505;0.009009009;0;0.004504505;0.004504505;0.018018018;0;0.004504505;0;0;0.004504505;0.009009009;0;0.004504505;0;0.013513514;0.004504505;0.004504505;0.004504505;0;0.009009009;0.004504505;0;0;0.004504505;0.004504505;0;0.004504505;0;0;0;0;0.013513514;0;0;0.004504505;0.004504505;0;0;0;0;0;0;0.004504505;0;0;0;0;0.013513514;0;0;0.004504505;0.004504505;0;0;0;0;0;0.004504505;0;0.009009009;0.004504505;0;0.004504505;0.009009009;0.004504505;0;0;0;0.004504505;0;0;0;0.009009009;0;0;0.004504505;0;0;0;0.013513514;0;0;0.004504505;0.004504505;0;0;0.013513514;0.004504505;0;0;0;0.018018018;0.009009009;0;0.004504505;0;0;0;0.009009009;0.004504505;0.009009009;0;0;0.004504505;0;0;0.018018018;0.004504505;0;0.004504505;0;0;0.004504505;0;0;0.004504505;0.004504505;0;0.004504505;0.004504505;0.009009009;0;0.009009009;0.004504505;0.009009009;0;0.004504505;0;0.004504505;0.009009009;0.004504505;0;0.009009009;0;0.009009009;0;0;0;0;0;0;0;0;0;0;0;0.009009009;0;0;0;0;0;0;0;0;0.009009009;0;0;0;0.004504505;0.009009009;0;0;0.004504505;0.004504505;0;0.013513514;0;0.009009009;0.009009009;0.004504505;0;0;0;0;6M17:E
0.007407407;0;0;0.007407407;0;0.007407407;0;0.007407407;0;0.014814815;0;0.014814815;0;0;0;0.007407407;0.014814815;0;0;0;0;0;0;0;0;0;0;0;0;0;0;0;0;0;0;0;0;0;0;0;0;0;0.007407407;0;0;0.014814815;0.007407407;0;0;0.014814815;0;0;0;0.007407407;0;0;0;0;0;0;0.007407407;0;0.007407407;0;0;0.007407407;0;0;0;0;0;0;0;0;0;0;0;0;0;0;0;0;0;0;0;0;0;0;0;0;0;0;0.007407407;0;0;0;0.007407407;0;0;0.014814815;0.014814815;0;0.007407407;0;0.007407407;0.007407407;0;0.007407407;0.014814815;0.014814815;0;0;0.007407407;0.007407407;0;0.007407407;0.022222222;0.007407407;0;0.007407407;0;0;0;0;0;0.007407407;0;0.007407407;0;0;0;0;0;0;0;0;0;0;0;0;0;0;0;0;0;0.014814815;0;0.007407407;0;0;0;0.007407407;0;0;0.007407407;0;0;0.007407407;0.007407407;0;0;0;0.022222222;0.007407407;0.007407407;0.007407407;0;0;0;0;0.007407407;0;0;0;0;0;0;0;0;0;0;0;0;0;0;0.007407407;0;0;0.007407407;0;0;0.007407407;0.02962963;0.007407407;0;0.007407407;0.007407407;0;0;0;0;0;0;0;0;0;0;0;0.007407407;0;0;0;0;0;0;0;0;0;0;0;0.007407407;0;0;0;0;0;0;0;0.007407407;0;0;0.014814815;0.007407407;0;0;0.007407407;0.022222222;0;0;0;0.007407407;0;0.007407407;0.007407407;0;0;0;0.007407407;0.014814815;0;0;0.007407407;0;0.014814815;0.014814815;0;0;0;0;0.007407407;0;0;0;0;0;0.022222222;0.007407407;0.007407407;0;0.007407407;0;0;0;0;0;0;0;0;0;0;0.007407407;0;0;0;0;0.014814815;0;0.007407407;0;0;0;0.007407407;0.007407407;0;0.014814815;0;0;0;0.007407407;0;0;0;0;0;0;0;0;0;0;0;0;0;0.014814815;0;0.007407407;0.007407407;0;0;0.007407407;0;0.014814815;0;0;0.007407407;0;0.007407407;0;0;0;0.007407407;0;0.007407407;0.007407407;0.007407407;0.014814815;0;0.007407407;0;0;0;0.007407407;0;0;0;0;0;0;0;0;0.007407407;0;0;0.007407407;0;0;0;0;0;0;0;0;0;0;0;0.007407407;0;0;0;0;0;0;0;0;0;0;0;0;0.007407407;0;0.007407407;0.007407407;0;0;0;0.007407407;0.007407407;0;0;0;0.007407407;0;0;0;0;0.007407407;0;0;0;0;0.014814815;6M3M:A
0.004662005;0;0.004662005;0.003108003;0;0.005439005;0.000777001;0.004662005;0.000777001;0.006216006;0.000777001;0.002331002;0.003885004;0.003885004;0.000777001;0.006993007;0.003108003;0.003108003;0.003108003;0.004662005;0.002331002;0;0.001554002;0.000777001;0.000777001;0.002331002;0.000777001;0;0;0.001554002;0;0.001554002;0.000777001;0;0;0.001554002;0.003885004;0.003885004;0;0.001554002;0.002331002;0.002331002;0.000777001;0.001554002;0.002331002;0.003885004;0;0.005439005;0.002331002;0.006993007;0;0.001554002;0.004662005;0.000777001;0.001554002;0.005439005;0.000777001;0.003108003;0;0.001554002;0.001554002;0.002331002;0.000777001;0.000777001;0.002331002;0.002331002;0.000777001;0.003885004;0.003885004;0.003108003;0.000777001;0.002331002;0.001554002;0.001554002;0.000777001;0.003108003;0.000777001;0.005439005;0.000777001;0.000777001;0.003108003;0.002331002;0.000777001;0.003885004;0.000777001;0.005439005;0.000777001;0.001554002;0.004662005;0.006216006;0;0.007770008;0.003108003;0.004662005;0.003108003;0.003108003;0.004662005;0.004662005;0;0.000777001;0.005439005;0.001554002;0.004662005;0.001554002;0.003885004;0.006993007;0.000777001;0.005439005;0.005439005;0.001554002;0;0.002331002;0.001554002;0.002331002;0.002331002;0.006216006;0.006216006;0.008547009;0.002331002;0.003885004;0.002331002;0;0.000777001;0;0.000777001;0.000777001;0.005439005;0;0.000777001;0.000777001;0;0;0.001554002;0;0.000777001;0.001554002;0.001554002;0.002331002;0.000777001;0;0.007770008;0.003108003;0.003108003;0.000777001;0.000777001;0.004662005;0.001554002;0.002331002;0.002331002;0.003108003;0;0.002331002;0.003108003;0.001554002;0.003108003;0.003885004;0.006216006;0.002331002;0;0.003108003;0.000777001;0.002331002;0.001554002;0.001554002;0.001554002;0.002331002;0.000777001;0.002331002;0.001554002;0.003108003;0.000777001;0.006216006;0.001554002;0.003108003;0.003108003;0.003885004;0.002331002;0.003108003;0;0.002331002;0.003108003;0.001554002;0.005439005;0.003108003;0.003108003;0.006216006;0.003108003;0.005439005;0.002331002;0.008547009;0.001554002;0.004662005;0.008547009;0.006993007;0.000777001;0.004662005;0.006216006;0.004662005;0;0.003108003;0.000777001;0;0.000777001;0.000777001;0.000777001;0;0;0.000777001;0;0;0;0;0;0.000777001;0;0.002331002;0.000777001;0;0;0.000777001;0.003108003;0.003885004;0.003108003;0.002331002;0.006993007;0.006216006;0.000777001;0.003885004;0.003108003;0.007770008;0;0.005439005;0.000777001;0.003108003;0.001554002;0.006216006;0.003885004;0.003885004;0;0.002331002;0.003108003;0.001554002;0.003108003;0.002331002;0.006216006;0.003885004;0.000777001;0.003108003;0.000777001;0.004662005;0;0.000777001;0.003108003;0.004662005;0.002331002;0.001554002;0.003885004;0.002331002;0;0.000777001;0.002331002;0.000777001;0.003885004;0.002331002;0.003885004;0.003108003;0;0.004662005;0.002331002;0.003885004;0.000777001;0.001554002;0.004662005;0.001554002;0.000777001;0.004662005;0.006216006;0.001554002;0;0.002331002;0.003108003;0;0.004662005;0.001554002;0.003885004;0.002331002;0;0.000777001;0.002331002;0.003885004;0;0.000777001;0;0.000777001;0;0.003108003;0.001554002;0.003885004;0;0;0.008547009;0;0;0.002331002;0.007770008;0.006216006;0.001554002;0.002331002;0.004662005;0.004662005;0.000777001;0.01010101;0.002331002;0.003108003;0.000777001;0.006993007;0.007770008;0.007770008;0.000777001;0.003108003;0.002331002;0;0.003108003;0.005439005;0.004662005;0.005439005;0.000777001;0.002331002;0.003885004;0.004662005;0.001554002;0.007770008;0.005439005;0.006993007;0.003885004;0.004662005;0.004662005;0.003108003;0.001554002;0.001554002;0.004662005;0.001554002;0.003885004;0.002331002;0.006216006;0.002331002;0;0.003885004;0.002331002;0.01010101;0;0.006216006;0.001554002;0.001554002;0.003885004;0.006216006;0.005439005;0.005439005;0;0.006216006;0;0;0;0;0.001554002;0;0;0.000777001;0;0;0.000777001;0.001554002;0;0;0.000777001;0.001554002;0.001554002;0.000777001;0;0;0.001554002;0;0.000777001;0.003108003;0.003108003;0.003108003;0.001554002;0.001554002;0.001554002;0.002331002;0;0.003108003;0.000777001;0.003885004;0.002331002;0.003885004;0.002331002;0.003885004;0;0.002331002;6VSB:A
0;0;0.013888889;0;0;0.00462963;0;0;0;0;0;0;0.009259259;0;0;0;0.018518519;0;0.009259259;0;0;0;0;0;0.00462963;0.00462963;0;0;0;0;0;0.00462963;0.00462963;0;0;0;0;0.009259259;0;0.009259259;0.00462963;0;0.009259259;0;0.00462963;0;0;0.00462963;0;0.009259259;0;0;0;0;0;0.00462963;0;0.009259259;0;0.009259259;0;0;0;0;0;0.00462963;0;0.00462963;0;0.00462963;0;0;0;0;0.009259259;0;0;0.00462963;0;0;0;0;0;0.009259259;0.00462963;0.00462963;0;0;0.00462963;0;0.00462963;0.009259259;0.013888889;0.00462963;0.00462963;0.009259259;0;0.00462963;0;0;0;0.00462963;0.009259259;0.00462963;0.009259259;0;0;0;0;0;0;0.00462963;0.00462963;0.00462963;0;0.00462963;0;0.018518519;0;0.00462963;0;0;0;0;0;0;0;0;0;0;0;0;0;0;0;0;0;0;0;0;0.009259259;0;0.00462963;0;0;0;0;0;0.00462963;0;0;0;0;0;0;0.009259259;0.00462963;0;0;0.00462963;0;0.00462963;0;0;0.00462963;0.00462963;0;0.00462963;0.00462963;0.013888889;0;0;0.00462963;0;0;0.00462963;0;0;0;0.00462963;0.00462963;0.009259259;0;0;0.00462963;0;0;0.00462963;0.00462963;0.00462963;0;0.009259259;0.00462963;0.00462963;0;0.009259259;0;0;0;0.00462963;0;0;0;0;0;0.00462963;0;0;0;0;0;0;0;0;0;0;0;0;0;0;0.009259259;0.009259259;0.00462963;0;0;0.009259259;0;0.009259259;0;0.009259259;0;0;0;0;0;0.00462963;0.00462963;0.00462963;0;0.013888889;0.00462963;0.00462963;0.00462963;0;0.009259259;0.00462963;0;0;0.00462963;0.00462963;0;0.00462963;0;0;0;0.009259259;0.00462963;0;0;0.00462963;0.00462963;0;0;0;0;0;0;0.00462963;0;0;0;0;0.009259259;0;0;0.00462963;0.00462963;0;0;0;0;0;0.00462963;0;0.00462963;0;0;0;0.009259259;0.00462963;0;0.00462963;0;0.00462963;0;0;0;0.009259259;0;0;0.00462963;0;0;0;0.009259259;0.00462963;0;0;0;0;0;0.013888889;0;0;0;0;0.027777778;0.009259259;0;0.00462963;0;0;0.00462963;0.00462963;0.009259259;0.009259259;0;0;0.009259259;0;0;0.009259259;0.00462963;0;0.00462963;0.00462963;0;0.00462963;0;0;0.00462963;0.00462963;0;0.00462963;0.00462963;0.00462963;0;0.00462963;0.00462963;0.013888889;0;0;0.00462963;0;0.009259259;0.00462963;0;0.023148148;0;0.009259259;0;0;0;0.00462963;0;0;0;0;0;0;0;0.00462963;0;0;0;0;0;0;0;0;0.009259259;0;0;0;0.00462963;0.009259259;0;0;0.009259259;0;0;0.013888889;0;0.009259259;0.009259259;0.00462963;0;0;0;0;6VW1:E
0.002702703;0;0;0;0.008108108;0;0.002702703;0;0.008108108;0;0.005405405;0.002702703;0.005405405;0.002702703;0.002702703;0.002702703;0;0.002702703;0;0;0.002702703;0;0;0;0;0;0;0;0.002702703;0;0;0;0;0;0;0.005405405;0;0.002702703;0;0;0.005405405;0;0.002702703;0.002702703;0.010810811;0.016216216;0;0.005405405;0;0.010810811;0;0;0;0;0;0.002702703;0;0.002702703;0;0.005405405;0.002702703;0;0.002702703;0;0.005405405;0.005405405;0.002702703;0.008108108;0;0.010810811;0;0.008108108;0;0;0.002702703;0.002702703;0.008108108;0.005405405;0;0;0;0;0.005405405;0.010810811;0.002702703;0;0;0.008108108;0.005405405;0.002702703;0.002702703;0.005405405;0;0.002702703;0.002702703;0.002702703;0.002702703;0.002702703;0;0.002702703;0;0;0.002702703;0.005405405;0;0.002702703;0.005405405;0;0;0.008108108;0;0;0.002702703;0.005405405;0.002702703;0.005405405;0.002702703;0.018918919;0;0.002702703;0;0;0;0;0.002702703;0;0.013513514;0.005405405;0;0.002702703;0;0;0;0;0;0.005405405;0;0.002702703;0;0;0.005405405;0.002702703;0.008108108;0.002702703;0;0.008108108;0;0.005405405;0.005405405;0.002702703;0;0.002702703;0.002702703;0;0;0.005405405;0.005405405;0.002702703;0.002702703;0;0;0.002702703;0.002702703;0.002702703;0;0.005405405;0;0.002702703;0.005405405;0.005405405;0;0.002702703;0.008108108;0.002702703;0.008108108;0.002702703;0.005405405;0.010810811;0;0;0.005405405;0;0.002702703;0.010810811;0.005405405;0.008108108;0.002702703;0.008108108;0;0.008108108;0;0.005405405;0.005405405;0.008108108;0;0.002702703;0.002702703;0;0.005405405;0.002702703;0;0;0.005405405;0.002702703;0;0;0.002702703;0;0;0.002702703;0;0;0;0;0;0.002702703;0.002702703;0;0;0;0.005405405;0;0;0;0;0.005405405;0;0.002702703;0.005405405;0.008108108;0;0.005405405;0;0;0;0;0.005405405;0.008108108;0;0.005405405;0.002702703;0;0;0.005405405;0.002702703;0;0;0;0.005405405;0.002702703;0.002702703;0;0;0;0.002702703;0.002702703;0.002702703;0.008108108;0;0;0.002702703;0;0.002702703;0.002702703;0.002702703;0.002702703;0;0;0;0.005405405;0.002702703;0;0.002702703;0.005405405;0;0.005405405;0.002702703;0.002702703;0;0;0;0;0.002702703;0;0.002702703;0;0;0;0;0;0;0.010810811;0;0;0;0.002702703;0;0.002702703;0;0.002702703;0;0;0;0;0.002702703;0.002702703;0.002702703;0.002702703;0.005405405;0.005405405;0.002702703;0.002702703;0.002702703;0.008108108;0.002702703;0.005405405;0.005405405;0.010810811;0;0;0;0;0.005405405;0.010810811;0.002702703;0.002702703;0;0.008108108;0.002702703;0.005405405;0;0;0;0.005405405;0;0;0.002702703;0.010810811;0;0.002702703;0.005405405;0.005405405;0.018918919;0.008108108;0.002702703;0.002702703;0;0.005405405;0.013513514;0.002702703;0;0.005405405;0.005405405;0.002702703;0;0.005405405;0.005405405;0.010810811;0;0.005405405;0.002702703;0.002702703;0.002702703;0;0;0;0;0;0;0;0;0;0;0;0;0;0;0;0;0;0.002702703;0;0;0;0.008108108;0.002702703;0;0;0.008108108;0;0;0;0.002702703;0;0;0;0.005405405;0;0;0.002702703;6VWW:A
0.0046875;0;0.0046875;0.00390625;0;0.00625;0.00078125;0.0046875;0.00078125;0.00703125;0.00078125;0.00234375;0.00390625;0.00390625;0.00078125;0.00625;0.003125;0.003125;0.0015625;0.0046875;0.00234375;0;0.0015625;0.00078125;0.00078125;0.00234375;0.00078125;0;0;0.0015625;0;0.0015625;0.00078125;0;0;0.0015625;0.00390625;0.0046875;0;0.0015625;0.00234375;0.00234375;0.00078125;0.0015625;0.00234375;0.00390625;0;0.00546875;0.00234375;0.00703125;0;0.0015625;0.0046875;0.00078125;0.0015625;0.00546875;0.00078125;0.003125;0;0.0015625;0.0015625;0.00234375;0.00078125;0.00078125;0.00234375;0.00234375;0.00078125;0.00390625;0.00234375;0.003125;0.00078125;0.003125;0.0015625;0.0015625;0.00078125;0.003125;0.0015625;0.0046875;0.00078125;0.00078125;0.003125;0.00234375;0.00078125;0.00234375;0.00078125;0.00546875;0.00078125;0.0015625;0.0046875;0.00546875;0;0.0078125;0.003125;0.0046875;0.003125;0.003125;0.0046875;0.00390625;0;0.00078125;0.00625;0.00234375;0.0046875;0.0015625;0.00390625;0.0046875;0.00078125;0.00625;0.00546875;0.0015625;0.00078125;0.00234375;0.00078125;0.00234375;0.00234375;0.0046875;0.00703125;0.00859375;0.00234375;0.00390625;0.00234375;0;0.00078125;0;0.00078125;0.00078125;0.00546875;0;0.00078125;0.00078125;0;0;0;0;0.00078125;0.00078125;0.0015625;0.00234375;0.00078125;0;0.0078125;0.003125;0.003125;0.00078125;0.00078125;0.0046875;0.0015625;0.00234375;0.003125;0.00390625;0;0.00234375;0.003125;0.0015625;0.003125;0.00390625;0.00625;0.00234375;0;0.003125;0.00078125;0.00234375;0.0015625;0.0015625;0.0015625;0.00234375;0.00078125;0.00234375;0.0015625;0.003125;0.00078125;0.00625;0.0015625;0.003125;0.003125;0.00390625;0.00234375;0.003125;0;0.00234375;0.003125;0.0015625;0.00546875;0.00234375;0.00234375;0.00625;0.003125;0.00546875;0.00234375;0.01015625;0.00234375;0.0046875;0.00859375;0.00703125;0.00078125;0.00625;0.00625;0.00390625;0;0.00390625;0.00078125;0;0.00078125;0.00078125;0;0.0015625;0;0.00078125;0;0;0;0;0.00078125;0.00078125;0;0.00234375;0.00078125;0;0;0.00078125;0.003125;0.00390625;0.003125;0.00234375;0.00703125;0.00625;0.00078125;0.00390625;0.003125;0.00859375;0;0.00546875;0.00078125;0.003125;0.0015625;0.00625;0.00390625;0.00390625;0;0.00234375;0.00390625;0.0015625;0.003125;0.00234375;0.00625;0.003125;0.00078125;0.003125;0.00078125;0.00390625;0;0.00078125;0.003125;0.003125;0.00234375;0.003125;0.00390625;0.00234375;0;0.00078125;0.00234375;0.00078125;0.00390625;0.00234375;0.00234375;0.00234375;0;0.0046875;0.00234375;0.00390625;0.00078125;0.0015625;0.0046875;0.0015625;0.00078125;0.0046875;0.00625;0.0015625;0;0.003125;0.003125;0;0.0046875;0.00234375;0.00390625;0.00234375;0;0.00078125;0.00234375;0.00390625;0;0.00078125;0;0.00078125;0;0.00234375;0.0015625;0.00390625;0;0;0.00625;0;0;0.00234375;0.0078125;0.00625;0;0.00234375;0.0046875;0.00546875;0.00078125;0.01015625;0.003125;0.00234375;0.00078125;0.00546875;0.0078125;0.00859375;0.00078125;0.003125;0.00234375;0;0.003125;0.00546875;0.0046875;0.00625;0.00078125;0.00234375;0.00390625;0.0046875;0.0015625;0.0078125;0.00546875;0.0078125;0.00390625;0.0046875;0.0046875;0.003125;0.0015625;0.0015625;0.00546875;0.0015625;0.00390625;0.00234375;0.00546875;0.00234375;0;0.00390625;0.00234375;0.009375;0;0.00625;0.0015625;0.0015625;0.00390625;0.00625;0.00546875;0.00546875;0;0.00625;0;0;0;0;0.0015625;0;0;0.00078125;0;0;0.00078125;0.0015625;0;0;0.00078125;0;0.0015625;0.00078125;0;0;0.0015625;0;0.00078125;0.003125;0.00390625;0.003125;0.0015625;0.00234375;0.0015625;0.00234375;0;0.003125;0.00078125;0.00390625;0.00234375;0.00390625;0.00234375;0.00390625;0;0.00234375;6VXX:A
0.0046875;0;0.0046875;0.00390625;0;0.00625;0.00078125;0.0046875;0.00078125;0.00703125;0.00078125;0.00234375;0.00390625;0.00390625;0.00078125;0.00625;0.003125;0.003125;0.0015625;0.0046875;0.00234375;0;0.0015625;0.00078125;0.00078125;0.00234375;0.00078125;0;0;0.0015625;0;0.0015625;0.00078125;0;0;0.0015625;0.00390625;0.0046875;0;0.0015625;0.00234375;0.00234375;0.00078125;0.0015625;0.00234375;0.00390625;0;0.00546875;0.00234375;0.00703125;0;0.0015625;0.0046875;0.00078125;0.0015625;0.00546875;0.00078125;0.003125;0;0.0015625;0.0015625;0.00234375;0.00078125;0.00078125;0.00234375;0.00234375;0.00078125;0.00390625;0.00234375;0.003125;0.00078125;0.003125;0.0015625;0.0015625;0.00078125;0.003125;0.0015625;0.00546875;0.00078125;0.00078125;0.003125;0.00234375;0.00078125;0.00234375;0.00078125;0.00546875;0.00078125;0.0015625;0.0046875;0.00546875;0;0.0078125;0.003125;0.0046875;0.003125;0.003125;0.0046875;0.00390625;0;0.00078125;0.00625;0.00234375;0.0046875;0.0015625;0.00390625;0.0046875;0.00078125;0.00625;0.00546875;0.0015625;0.00078125;0.00234375;0.00078125;0.00234375;0.00234375;0.0046875;0.00703125;0.00859375;0.00234375;0.00390625;0.00234375;0;0.00078125;0;0.00078125;0.00078125;0.00546875;0;0.00078125;0.00078125;0;0;0;0;0.00078125;0.00078125;0.0015625;0.00234375;0.00078125;0;0.0078125;0.003125;0.003125;0.00078125;0.00078125;0.0046875;0.0015625;0.00234375;0.003125;0.00390625;0;0.00234375;0.003125;0.0015625;0.003125;0.00390625;0.00625;0.00234375;0;0.003125;0.00078125;0.00234375;0.0015625;0.0015625;0.0015625;0.00234375;0.00078125;0.00234375;0.0015625;0.003125;0.00078125;0.00625;0.0015625;0.003125;0.003125;0.00390625;0.00234375;0.003125;0;0.00234375;0.003125;0.0015625;0.00546875;0.00234375;0.00234375;0.00625;0.003125;0.00546875;0.00234375;0.01015625;0.00234375;0.0046875;0.00859375;0.00703125;0.00078125;0.00625;0.00625;0.00390625;0;0.00390625;0.00078125;0;0.00078125;0.00078125;0;0.0015625;0;0.00078125;0;0;0;0;0.00078125;0.00078125;0;0.00234375;0.00078125;0;0;0.00078125;0.003125;0.00390625;0.003125;0.003125;0.00703125;0.00625;0.00078125;0.00390625;0.003125;0.00859375;0;0.00546875;0.00078125;0.00234375;0.0015625;0.00625;0.00390625;0.00390625;0;0.00234375;0.00390625;0.0015625;0.003125;0.00234375;0.00625;0.003125;0.00078125;0.003125;0.00078125;0.00390625;0;0.00078125;0.003125;0.003125;0.00234375;0.003125;0.00390625;0.00234375;0;0.00078125;0.00234375;0.00078125;0.00390625;0.00234375;0.00234375;0.00234375;0;0.0046875;0.00234375;0.00390625;0.00078125;0.0015625;0.0046875;0.0015625;0.00078125;0.0046875;0.00625;0.00078125;0;0.003125;0.003125;0;0.0046875;0.00234375;0.00390625;0.00234375;0;0.00078125;0.00234375;0.00390625;0;0.00078125;0;0.00078125;0;0.00234375;0.0015625;0.00390625;0;0;0.00625;0;0;0.00234375;0.0078125;0.00625;0;0.00234375;0.0046875;0.00546875;0.00078125;0.01015625;0.003125;0.00234375;0.00078125;0.00546875;0.0078125;0.00859375;0.00078125;0.003125;0.00234375;0;0.003125;0.00546875;0.0046875;0.00625;0.00078125;0.00234375;0.00390625;0.0046875;0.0015625;0.0078125;0.00546875;0.0078125;0.00390625;0.0046875;0.0046875;0.003125;0.0015625;0.0015625;0.00546875;0.0015625;0.00390625;0.00234375;0.00546875;0.00234375;0;0.00390625;0.00234375;0.009375;0;0.00625;0.0015625;0.0015625;0.00390625;0.00625;0.00546875;0.00546875;0;0.00625;0;0;0;0;0.0015625;0;0;0.00078125;0;0;0.00078125;0.0015625;0;0;0.00078125;0;0.0015625;0.00078125;0;0;0.0015625;0;0.00078125;0.003125;0.00390625;0.003125;0.0015625;0.00234375;0.0015625;0.00234375;0;0.003125;0.00078125;0.00390625;0.00234375;0.00390625;0.00234375;0.00390625;0;0.00234375;6VYB:A
0.007874016;0;0;0;0;0.007874016;0;0.007874016;0;0.015748031;0;0.015748031;0;0;0;0.007874016;0.015748031;0;0;0;0;0;0;0;0;0;0;0;0;0;0;0;0;0;0;0;0;0;0;0;0;0;0.007874016;0;0;0.015748031;0.007874016;0;0;0.015748031;0;0;0;0.007874016;0;0;0;0;0;0;0.007874016;0;0.007874016;0;0;0.007874016;0;0;0;0;0;0;0;0;0;0;0;0;0;0;0;0;0;0;0;0;0;0;0;0;0;0;0.007874016;0;0;0;0.007874016;0;0;0.015748031;0.015748031;0;0.007874016;0;0.007874016;0.007874016;0;0.007874016;0.015748031;0.007874016;0;0.007874016;0.007874016;0.007874016;0;0;0.023622047;0.007874016;0;0.007874016;0;0;0;0;0;0.007874016;0;0.007874016;0;0;0;0;0;0;0;0;0;0;0;0;0;0;0;0;0;0.015748031;0;0.007874016;0;0;0;0.007874016;0;0;0.007874016;0;0;0.007874016;0.007874016;0;0;0;0.023622047;0.007874016;0.007874016;0.007874016;0;0;0;0;0.007874016;0;0;0;0;0;0;0;0;0;0;0;0;0;0;0.007874016;0;0;0.007874016;0;0;0.007874016;0.023622047;0.007874016;0;0.007874016;0.007874016;0;0;0;0;0;0;0;0;0;0;0;0.007874016;0;0;0;0;0;0;0;0;0;0;0;0.007874016;0;0;0;0;0;0;0;0.007874016;0;0;0.015748031;0.007874016;0;0;0.007874016;0.023622047;0;0;0;0.007874016;0;0.007874016;0.007874016;0;0;0;0.007874016;0.015748031;0;0;0;0;0.007874016;0.015748031;0;0;0;0;0.007874016;0;0;0;0;0;0.015748031;0.007874016;0.007874016;0;0.007874016;0;0;0;0;0;0;0;0;0;0;0.007874016;0;0;0;0;0.015748031;0;0.007874016;0;0;0;0.007874016;0;0;0.015748031;0;0;0;0.007874016;0;0;0;0;0;0;0;0;0;0;0;0;0;0.015748031;0;0;0.007874016;0;0;0.007874016;0;0.015748031;0;0;0.007874016;0;0.007874016;0;0;0;0.007874016;0;0.007874016;0.007874016;0.007874016;0.015748031;0;0.007874016;0;0;0;0.007874016;0;0;0;0;0;0;0;0;0.007874016;0;0;0.007874016;0;0;0;0;0;0;0;0;0;0;0;0.007874016;0;0;0;0;0;0;0;0;0;0;0;0;0.007874016;0;0.007874016;0.007874016;0;0;0;0.007874016;0.007874016;0;0;0;0.007874016;0;0;0;0;0.007874016;0;0;0;0;0.015748031;6VYO:A
0.005813953;0;0.011627907;0;0;0.01744186;0;0;0.011627907;0.005813953;0.005813953;0.005813953;0.005813953;0;0;0;0.011627907;0.005813953;0;0.005813953;0;0;0;0;0;0;0;0;0;0.005813953;0;0;0;0;0;0;0;0.011627907;0;0;0;0;0.005813953;0;0;0;0;0.011627907;0.011627907;0;0;0.005813953;0.005813953;0;0;0;0.005813953;0;0;0.005813953;0.005813953;0;0.005813953;0.005813953;0;0;0;0;0;0;0;0.005813953;0;0;0;0.005813953;0;0.011627907;0;0;0;0;0.005813953;0;0;0.005813953;0;0;0;0.005813953;0;0.005813953;0;0;0;0.005813953;0;0;0;0;0.011627907;0;0;0.011627907;0;0.01744186;0.005813953;0.005813953;0;0;0;0;0.011627907;0;0;0.005813953;0;0.005813953;0;0.005813953;0;0.005813953;0;0.005813953;0;0.005813953;0;0;0;0;0;0.005813953;0;0;0;0.005813953;0;0.005813953;0;0;0.005813953;0;0;0;0.005813953;0;0.005813953;0;0.005813953;0;0;0;0;0.005813953;0;0;0;0.005813953;0;0;0.005813953;0;0;0;0;0.005813953;0.011627907;0;0.005813953;0.011627907;0;0.011627907;0.005813953;0;0;0.005813953;0;0.011627907;0;0;0.01744186;0;0;0.005813953;0;0;0.005813953;0;0.023255814;0.01744186;0;0.005813953;0;0;0.005813953;0.011627907;0.005813953;0.005813953;0;0.005813953;0;0;0;0;0;0;0;0;0;0;0;0;0;0.005813953;0;0;0;0;0;0;0.023255814;0;0;0;0.005813953;0.005813953;0;0;0.011627907;0.011627907;0;0.005813953;0;0.005813953;0;0.005813953;0;0.023255814;0;0;0;0;0;0;0;0;0;0.005813953;0;0.011627907;0;0.005813953;0;0;0;0;0.005813953;0;0;0;0;0;0;0;0;0;0.005813953;0;0;0.005813953;0;0;0;0;0;0;0;0.005813953;0;0;0;0;0;0;0;0;0;0;0;0;0;0;0;0;0;0;0.005813953;0.005813953;0;0;0.011627907;0.005813953;0.005813953;0;0.011627907;0.011627907;0;0;0;0.005813953;0;0.005813953;0;0;0;0.005813953;0;0;0;0;0;0;0.005813953;0;0;0;0;0;0;0;0;0.01744186;0;0;0;0;0;0.011627907;0;0;0.005813953;0.005813953;0.005813953;0.011627907;0.005813953;0.011627907;0;0;0.005813953;0.011627907;0;0.01744186;0;0;0.005813953;0.005813953;0;0.01744186;0;0.01744186;0;0;0;0;0;0;0;0;0;0;0;0;0;0;0;0;0;0;0;0;0;0;0.005813953;0.005813953;0;0;0;0.011627907;0;0.01744186;0;0;0;0;0;0;0;0;0;0;6W02:A
0.017241379;0.00862069;0;0;0;0.00862069;0;0;0;0.025862069;0.00862069;0;0;0;0.00862069;0;0.00862069;0;0;0.00862069;0.00862069;0;0;0;0;0;0;0;0;0;0;0;0;0;0.00862069;0;0.00862069;0;0;0;0;0;0.00862069;0;0;0.00862069;0;0;0;0.017241379;0;0.00862069;0;0;0;0;0.00862069;0;0;0;0;0;0;0;0;0;0;0;0;0.017241379;0;0;0.00862069;0;0;0;0;0;0;0;0;0;0;0;0;0;0;0.00862069;0;0;0;0;0.00862069;0;0;0;0;0.017241379;0;0;0;0;0;0;0;0.00862069;0;0;0;0.00862069;0.00862069;0;0.00862069;0;0.00862069;0.00862069;0.025862069;0;0;0;0;0;0;0;0;0;0;0;0;0;0;0;0;0;0;0;0;0;0;0;0;0;0;0;0;0;0;0;0.00862069;0;0;0;0;0;0;0;0;0;0;0.00862069;0;0;0;0;0;0.025862069;0;0;0;0;0;0;0;0;0;0.00862069;0;0.00862069;0.00862069;0.00862069;0.025862069;0;0;0.00862069;0;0.00862069;0;0;0.00862069;0.00862069;0;0.017241379;0;0.017241379;0.00862069;0.017241379;0;0;0;0.00862069;0;0;0;0;0;0;0;0;0;0;0;0.00862069;0;0;0;0.00862069;0;0.00862069;0;0;0.017241379;0;0;0.00862069;0;0;0;0;0;0.00862069;0;0.017241379;0;0;0.00862069;0;0.00862069;0;0;0;0;0.00862069;0;0;0;0;0;0;0.025862069;0;0;0;0.00862069;0;0;0;0;0.00862069;0;0;0;0;0.00862069;0;0;0;0;0;0;0;0.00862069;0;0;0;0;0;0.00862069;0;0;0;0;0;0;0;0.025862069;0.00862069;0;0;0;0.00862069;0;0;0;0.00862069;0;0;0;0;0;0;0;0.00862069;0.017241379;0;0;0;0;0;0;0.00862069;0;0.00862069;0.00862069;0;0;0;0;0;0;0;0.00862069;0;0.017241379;0.00862069;0;0.00862069;0;0.00862069;0.00862069;0;0;0;0.00862069;0.00862069;0;0;0.017241379;0.00862069;0;0;0.00862069;0;0;0;0;0;0;0;0.00862069;0.017241379;0;0;0;0;0.00862069;0;0.00862069;0;0;0;0.00862069;0;0;0;0;0;0;0;0;0;0;0;0;0;0;0;0;0;0;0;0;0;0;0;0.00862069;0;0;0;0;0.00862069;0;0.00862069;0;0;0;0;0.00862069;0;0;0.00862069;6W4B:A
0;0;0.006666667;0;0.006666667;0.003333333;0;0.003333333;0.003333333;0.003333333;0.003333333;0.006666667;0.003333333;0;0;0.006666667;0.006666667;0.01;0.006666667;0;0.003333333;0;0.003333333;0;0;0.003333333;0;0;0;0;0;0.003333333;0;0.003333333;0;0;0;0;0;0;0.003333333;0.003333333;0;0;0.003333333;0.003333333;0;0;0.003333333;0.013333333;0.01;0;0.003333333;0;0;0.013333333;0;0.003333333;0;0;0.003333333;0;0;0;0;0.006666667;0.003333333;0;0.003333333;0;0;0.006666667;0;0.003333333;0;0;0;0;0;0;0.003333333;0;0.003333333;0;0.003333333;0.003333333;0;0.003333333;0;0.003333333;0;0;0.003333333;0;0;0;0.003333333;0.006666667;0.003333333;0;0.003333333;0.003333333;0.006666667;0;0.006666667;0.003333333;0.003333333;0.003333333;0.003333333;0;0;0;0;0.003333333;0.003333333;0.006666667;0.01;0.006666667;0;0.003333333;0.003333333;0;0;0;0.006666667;0;0;0;0;0;0;0;0;0;0;0.003333333;0.003333333;0;0;0;0;0.003333333;0.003333333;0;0.003333333;0.006666667;0.003333333;0.006666667;0.003333333;0.003333333;0.003333333;0.003333333;0;0.006666667;0.003333333;0.006666667;0.003333333;0;0;0;0;0.003333333;0;0.01;0.003333333;0.01;0;0.003333333;0;0.01;0.003333333;0.003333333;0.003333333;0;0;0;0.003333333;0;0.003333333;0.003333333;0.006666667;0.003333333;0;0.003333333;0.003333333;0.006666667;0;0.013333333;0.006666667;0.01;0.003333333;0.006666667;0.006666667;0.003333333;0.006666667;0.01;0.003333333;0.006666667;0;0.006666667;0;0;0;0;0;0.003333333;0.003333333;0.003333333;0;0.003333333;0.003333333;0.003333333;0.003333333;0.003333333;0.003333333;0.006666667;0;0;0;0.003333333;0.01;0;0.01;0;0;0;0;0;0.003333333;0.003333333;0.003333333;0.006666667;0.003333333;0;0.003333333;0;0.006666667;0.01;0;0.01;0;0;0;0;0;0.006666667;0;0.003333333;0.006666667;0.003333333;0;0.003333333;0;0;0.003333333;0;0.003333333;0;0;0.003333333;0.003333333;0;0;0;0;0;0;0.006666667;0.003333333;0.006666667;0;0.003333333;0.003333333;0.003333333;0.003333333;0;0;0;0.003333333;0.003333333;0;0;0;0.006666667;0;0.003333333;0;0;0;0.003333333;0.003333333;0.003333333;0;0.003333333;0;0;0;0.006666667;0;0;0.003333333;0;0.016666667;0.003333333;0;0;0;0;0.01;0.01;0;0.003333333;0;0.003333333;0;0.016666667;0.003333333;0.003333333;0.003333333;0.003333333;0.013333333;0;0;0.003333333;0;0.003333333;0;0;0.006666667;0.016666667;0;0.006666667;0;0.003333333;0;0;0;0.003333333;0;0.003333333;0.013333333;0;0.003333333;0;0;0;0.003333333;0.006666667;0;0.006666667;0.006666667;0.006666667;0.003333333;0;0;0.003333333;0.006666667;0.003333333;0;0;0;0;0.003333333;0;0;0;0;0;0;0.003333333;0;0.003333333;0;0.003333333;0.003333333;0;0.003333333;0;0.003333333;0;0;0;0.003333333;0;0;0.003333333;0;0.006666667;0.006666667;0.006666667;0;0.003333333;0;0;0;0.003333333;0.003333333;0.003333333;0;0;6W4H:A
0.014184397;0;0;0;0.007092199;0.007092199;0;0.007092199;0.007092199;0;0;0.021276596;0;0;0;0.014184397;0.007092199;0.007092199;0;0.007092199;0.014184397;0.007092199;0.014184397;0;0;0.007092199;0.007092199;0;0;0.007092199;0;0;0;0;0.007092199;0.007092199;0.014184397;0.007092199;0;0;0.007092199;0;0;0;0;0;0.007092199;0;0;0.007092199;0;0;0.007092199;0.014184397;0;0;0;0;0;0.007092199;0.007092199;0;0;0;0;0;0;0;0;0;0;0;0.007092199;0;0;0.007092199;0;0.007092199;0;0;0.007092199;0.014184397;0;0;0;0.007092199;0;0;0;0;0;0;0;0;0;0;0.007092199;0;0;0;0.007092199;0.007092199;0;0;0.014184397;0.014184397;0;0;0.007092199;0;0.007092199;0.007092199;0;0.014184397;0;0;0.007092199;0;0;0.007092199;0;0;0;0;0;0;0;0.007092199;0;0;0;0;0.007092199;0;0;0;0.007092199;0;0;0;0;0;0.007092199;0;0;0;0;0;0;0;0;0;0.007092199;0;0;0;0.014184397;0;0;0;0.007092199;0;0.007092199;0;0;0.021276596;0;0;0;0;0.007092199;0.007092199;0;0;0;0;0;0;0;0.007092199;0.007092199;0.007092199;0;0;0;0;0;0;0.014184397;0;0;0;0;0.007092199;0.007092199;0.007092199;0;0;0;0.007092199;0;0;0.007092199;0;0;0;0;0;0;0.014184397;0;0;0;0;0;0;0;0;0.007092199;0;0.014184397;0.007092199;0.007092199;0;0;0;0;0;0;0;0.007092199;0;0.007092199;0;0;0.007092199;0.007092199;0;0;0;0.007092199;0;0;0.007092199;0;0;0;0.007092199;0.007092199;0;0.007092199;0.007092199;0;0;0;0;0.007092199;0.007092199;0;0;0.007092199;0;0;0.007092199;0;0;0;0.007092199;0;0.007092199;0;0;0.007092199;0;0;0;0;0;0;0;0;0.007092199;0;0.007092199;0;0;0;0;0;0;0;0;0;0;0;0;0;0;0;0;0;0.014184397;0;0;0.014184397;0.007092199;0;0;0;0;0;0.007092199;0;0;0;0;0.007092199;0;0;0;0;0.007092199;0;0.007092199;0;0.014184397;0.007092199;0;0;0.007092199;0;0.007092199;0.007092199;0;0;0;0.007092199;0.028368794;0;0;0;0.014184397;0.007092199;0;0;0.007092199;0;0;0.007092199;0.007092199;0;0;0.007092199;0.007092199;0;0;0.007092199;0;0;0;0;0;0;0;0;0;0;0;0.007092199;0;0;0;0;0;0;0;0;0;0;0;0;0.007092199;0;0;0;0.007092199;0;0;0.007092199;0.007092199;0;0;0;0;0;0;0;0.007092199;0;0;6W4H:B
0;0;0;0;0;0.013157895;0;0;0.013157895;0;0;0;0;0;0;0;0;0;0;0;0;0;0;0;0;0;0;0;0;0;0;0;0;0;0;0;0;0;0;0;0;0;0;0;0;0.013157895;0;0;0.013157895;0;0;0;0;0.013157895;0;0;0.013157895;0;0;0.013157895;0;0;0.013157895;0;0;0.013157895;0;0;0;0;0;0.013157895;0.013157895;0;0;0.013157895;0;0.013157895;0;0;0.013157895;0;0;0;0;0;0;0;0;0;0;0;0;0;0;0;0;0.013157895;0;0;0;0;0;0;0;0.013157895;0;0.013157895;0.026315789;0;0.011695906;0;0;0;0.013157895;0;0;0.001461988;0;0;0;0;0;0;0;0;0;0;0;0.013157895;0;0;0;0;0;0;0;0;0;0;0;0;0;0.013157895;0.026315789;0;0;0;0;0;0;0;0.013157895;0.026315789;0;0;0.013157895;0;0;0;0.013157895;0;0;0.026315789;0;0;0;0.013157895;0;0;0;0;0;0.013157895;0;0;0.026315789;0;0;0;0;0;0;0.026315789;0;0;0.013157895;0.013157895;0;0;0;0;0;0;0.026315789;0.013157895;0.013157895;0.013157895;0;0;0;0;0;0;0;0;0;0;0;0;0;0;0;0.013157895;0;0;0;0;0;0;0;0;0;0;0;0;0;0.013157895;0;0;0;0;0;0;0;0;0;0.013157895;0;0;0;0;0.013157895;0;0;0;0;0;0;0;0;0;0.013157895;0;0;0.013157895;0;0;0;0;0;0;0.013157895;0;0;0;0;0.013157895;0.013157895;0.013157895;0;0;0;0.013157895;0.013157895;0;0;0;0;0;0;0;0;0;0;0.013157895;0;0;0;0.026315789;0;0;0;0;0;0;0.013157895;0;0;0;0;0;0.026315789;0;0;0;0;0;0;0;0;0;0;0;0;0;0.013157895;0;0;0;0;0;0;0;0;0.013157895;0;0.026315789;0;0.052631579;0;0;0;0;0;0;0;0;0;0;0;0;0;0.013157895;0;0;0;0;0.026315789;0.013157895;0;0;0;0;0;0;0;0;0;0;0;0;0;0;0;0;0;0;0;0;0;0;0;0;0;0;0;0;0;0;0;0;0;0;0;0;0;0;0;0;0;0.013157895;0;0;0;0;0;0;0;0;UBC_HUMAN
0.006378132;0.003189066;0.003872437;0.001594533;0.00546697;0.004783599;0.000911162;0.003644647;0.003644647;0.005694761;0.002733485;0.00523918;0.003416856;0.002277904;0.003189066;0.004783599;0.004100228;0.005922551;0.000911162;0.006378132;0.001822323;0.000683371;0.001138952;0.000911162;0.001366743;0.002961276;0.000683371;0.002050114;0.002050114;0.002277904;0.00022779;0.002277904;0.001138952;0.000683371;0.001138952;0.001594533;0.002505695;0.002277904;0;0.002733485;0.003189066;0.000911162;0.001822323;0.002277904;0.002961276;0.004328018;0.000455581;0.002961276;0.002961276;0.004783599;0.000455581;0.003644647;0.002505695;0.001366743;0.000683371;0.005922551;0.003416856;0.007061503;0.000911162;0.001822323;0.004555809;0.001594533;0.002961276;0.001594533;0.002505695;0.002050114;0.000911162;0.001366743;0.001822323;0.002050114;0.00022779;0.001366743;0.001366743;0.001822323;0.001594533;0.003416856;0.003189066;0.003872437;0.000911162;0.001138952;0.004100228;0.001138952;0.002505695;0.002050114;0.001138952;0.002050114;0.000455581;0.002505695;0.001366743;0.003644647;0.002050114;0.002961276;0.002277904;0.001138952;0.002050114;0.003416856;0.00501139;0.006605923;0.000455581;0.002961276;0.004555809;0.002505695;0.003872437;0.002050114;0.002277904;0.004555809;0.001594533;0.003416856;0.002961276;0.004100228;0.001138952;0.002050114;0.002050114;0.001594533;0.001138952;0.00523918;0.004328018;0.007061503;0.00022779;0.001366743;0.001138952;0;0.000455581;0.000683371;0.00022779;0.000683371;0.00022779;0.000911162;0.000911162;0.002277904;0;0.000455581;0.000683371;0.000683371;0.000911162;0.002050114;0.002050114;0.002277904;0.000455581;0.001822323;0.004100228;0.000911162;0.001366743;0.001822323;0.003189066;0.002277904;0.00022779;0.002277904;0.002277904;0.00501139;0.001138952;0.002277904;0.003416856;0.001138952;0.001594533;0.003416856;0.003416856;0.003644647;0.000455581;0.000911162;0.003644647;0.001822323;0.003872437;0.003416856;0.002961276;0.003872437;0.002505695;0.001138952;0.002733485;0.006833713;0.001822323;0.001594533;0.002961276;0.002505695;0.001594533;0.002505695;0.001822323;0.004100228;0.000455581;0.002277904;0.008656036;0.003416856;0.004555809;0.002505695;0.004100228;0.003644647;0.002505695;0.003189066;0.006150342;0.011617312;0.001594533;0.004783599;0.002277904;0.004555809;0.005694761;0.007061503;0.007061503;0.007289294;0.001366743;0.004783599;0.001822323;0.001138952;0.001594533;0.000455581;0.001594533;0.000455581;0.000683371;0.000911162;0.000455581;0.002733485;0;0.00022779;0.000455581;0.001594533;0.000683371;0.001138952;0.002277904;0.001822323;0.00022779;0.001366743;0.004328018;0.002050114;0.002050114;0.002050114;0.002733485;0.004100228;0.00022779;0.001822323;0.004100228;0.003644647;0.001138952;0.002277904;0.001366743;0.001366743;0.001138952;0.004100228;0.002505695;0.004100228;0.000911162;0.001594533;0.002505695;0.000911162;0.002961276;0.001822323;0.001594533;0.001594533;0.000455581;0.003189066;0.001594533;0.004100228;0.000455581;0.001366743;0.001366743;0.001594533;0.001138952;0.002733485;0.003189066;0.003644647;0.000455581;0.002050114;0.001822323;0.000911162;0.001822323;0.002277904;0.000455581;0.002505695;0.000683371;0.002050114;0.001822323;0.003872437;0.000455581;0.001138952;0.001822323;0.001366743;0;0.001822323;0.002733485;0.003872437;0.00022779;0.001366743;0.003872437;0.00022779;0.002050114;0.000911162;0.001366743;0.001822323;0.001366743;0.001594533;0.002277904;0.003416856;0.001138952;0.002050114;0.001138952;0.001138952;0.001594533;0.002050114;0.002277904;0.002277904;0;0.000683371;0.004783599;0.001822323;0.005694761;0.003416856;0.004555809;0.00546697;0.001366743;0.002277904;0.003644647;0.008200456;0.001822323;0.002961276;0.001366743;0.001366743;0.001366743;0.005694761;0.00501139;0.009567198;0.001822323;0.001594533;0.005694761;0.001594533;0.002277904;0.002050114;0.004100228;0.004328018;0.001366743;0.003416856;0.002505695;0.007061503;0.002050114;0.003644647;0.004555809;0.002277904;0.001822323;0.00546697;0.00523918;0.007289294;0.000455581;0.004328018;0.006378132;0.003189066;0.006605923;0.006378132;0.003189066;0.004328018;0.000911162;0.004555809;0.007744875;0.009794989;0.001366743;0.004100228;0.003189066;0.003644647;0.003872437;0.007744875;0.006833713;0.010250569;0.000911162;0.002961276;0.001366743;0.000683371;0.00022779;0.00022779;0.000911162;0;0.000455581;0.00022779;0.000683371;0.002505695;0.000455581;0.001138952;0.00022779;0;0.000455581;0.000683371;0;0.000683371;0;0.000455581;0.003416856;0.001822323;0.002733485;0.001822323;0.003189066;0.002277904;0.000911162;0.001366743;0.002733485;0.003416856;0.001138952;0.002050114;0.001138952;0.000911162;0.001594533;0.002961276;0.004555809;0.004328018;0.00022779;0.002050114;K4LC41_9BETC
0.004975124;0;0.001243781;0.002487562;0.002487562;0.002487562;0.002487562;0.001243781;0.004975124;0.006218905;0.002487562;0.004975124;0.001243781;0.004975124;0.002487562;0.003731343;0.001243781;0.003731343;0.003731343;0.006218905;0;0;0.002487562;0;0;0;0.001243781;0;0;0.002487562;0;0.001243781;0;0.001243781;0;0;0.001243781;0;0;0;0.003731343;0;0.002487562;0.001243781;0.003731343;0.001243781;0;0.003731343;0.004975124;0.002487562;0.002487562;0.004975124;0.002487562;0.004975124;0.001243781;0;0;0.004975124;0.001243781;0.007462687;0.006218905;0.001243781;0.007462687;0.006218905;0.001243781;0.002487562;0.002487562;0.008706468;0.003731343;0;0.004975124;0.006218905;0.004975124;0.002487562;0.001243781;0.001243781;0.002487562;0.003731343;0.001243781;0.001243781;0;0;0;0.002487562;0.002487562;0.003731343;0.002487562;0.001243781;0.002487562;0.008706468;0;0.003731343;0;0.004975124;0.003731343;0;0.003731343;0.003731343;0.002487562;0.001243781;0.002487562;0.001243781;0.007462687;0.006218905;0.003731343;0;0.001243781;0.003731343;0.004975124;0.003731343;0;0.001243781;0.002487562;0.003731343;0.001243781;0.001243781;0.001243781;0.004975124;0.001243781;0.001243781;0.001243781;0;0.001243781;0.004975124;0;0;0.001243781;0.001243781;0.001243781;0.003731343;0;0;0.001243781;0;0;0;0.001243781;0.001243781;0;0.001243781;0;0;0.002487562;0.002487562;0.002487562;0.002487562;0;0.001243781;0.002487562;0.004975124;0.002487562;0.002487562;0.002487562;0.003731343;0.003731343;0.006218905;0.001243781;0.006218905;0.001243781;0.001243781;0.004975124;0.001243781;0.002487562;0.002487562;0.002487562;0.003731343;0.002487562;0;0.003731343;0.003731343;0;0.007462687;0.003731343;0.002487562;0.002487562;0.004975124;0.001243781;0.004975124;0.003731343;0;0.003731343;0.001243781;0.002487562;0.004975124;0.007462687;0.007462687;0.002487562;0.003731343;0.009950249;0.01119403;0.002487562;0.006218905;0.003731343;0.004975124;0.003731343;0.004975124;0.006218905;0.001243781;0.001243781;0.004975124;0.003731343;0.001243781;0.001243781;0;0;0.002487562;0;0.001243781;0.002487562;0.003731343;0;0.003731343;0;0;0.001243781;0.004975124;0.001243781;0.002487562;0.001243781;0.002487562;0.002487562;0;0.004975124;0.007462687;0.002487562;0.003731343;0.002487562;0.002487562;0.002487562;0.003731343;0.004975124;0.002487562;0.004975124;0.002487562;0;0.006218905;0.004975124;0.006218905;0;0.002487562;0.002487562;0;0.002487562;0;0.003731343;0.003731343;0.001243781;0.001243781;0.003731343;0.007462687;0;0.003731343;0.002487562;0.001243781;0.002487562;0.001243781;0.002487562;0.002487562;0.001243781;0.002487562;0.006218905;0;0;0.004975124;0.002487562;0.001243781;0;0;0.003731343;0.003731343;0.002487562;0.006218905;0.003731343;0.001243781;0.001243781;0.004975124;0.001243781;0;0.001243781;0.002487562;0.002487562;0;0.001243781;0.001243781;0.001243781;0.002487562;0;0.006218905;0.001243781;0.004975124;0.001243781;0.001243781;0.002487562;0.001243781;0;0.004975124;0.002487562;0.001243781;0.001243781;0.001243781;0.003731343;0;0.001243781;0.003731343;0.004975124;0.001243781;0;0.004975124;0.002487562;0.009950249;0.001243781;0.002487562;0.003731343;0;0.003731343;0.007462687;0.007462687;0.003731343;0.003731343;0.001243781;0.004975124;0;0.004975124;0.004975124;0.002487562;0.002487562;0;0.004975124;0.001243781;0.006218905;0.002487562;0.002487562;0.001243781;0.001243781;0.001243781;0.001243781;0;0.002487562;0.001243781;0.002487562;0.003731343;0.002487562;0.002487562;0.003731343;0.002487562;0.009950249;0;0.002487562;0.002487562;0.002487562;0.001243781;0.001243781;0.002487562;0.003731343;0.004975124;0.004975124;0.004975124;0.006218905;0;0;0.001243781;0;0.002487562;0.003731343;0;0.001243781;0;0;0;0.003731343;0.002487562;0.002487562;0;0;0.003731343;0.003731343;0.002487562;0;0.001243781;0;0.004975124;0.001243781;0.002487562;0.006218905;0.002487562;0.001243781;0;0.001243781;0;0.001243781;0.001243781;0.002487562;0.002487562;0.002487562;0;0.004975124;0.001243781;0.002487562;0.001243781;0.001243781;ACE2_HUMAN
0.006444683;0;0.005370569;0.001074114;0.002148228;0.005370569;0;0.003222342;0.004296455;0.006444683;0.004296455;0.006444683;0;0.003222342;0.004296455;0.004296455;0.003222342;0.004296455;0;0.004296455;0.002148228;0.003222342;0.005370569;0;0.003222342;0.003222342;0;0.002148228;0;0.002148228;0;0;0.001074114;0.001074114;0.001074114;0.003222342;0;0.001074114;0.001074114;0.001074114;0.006444683;0.002148228;0.007518797;0.003222342;0.008592911;0.006444683;0;0.004296455;0.005370569;0.005370569;0.002148228;0.003222342;0.002148228;0.002148228;0.003222342;0.003222342;0.003222342;0.005370569;0.001074114;0.005370569;0.002148228;0.002148228;0.002148228;0.002148228;0.003222342;0.002148228;0;0.001074114;0.001074114;0.004296455;0.001074114;0.002148228;0.001074114;0;0.003222342;0.001074114;0.002148228;0.001074114;0;0.001074114;0.004296455;0.002148228;0.004296455;0;0.004296455;0.002148228;0.002148228;0.001074114;0.005370569;0.002148228;0.001074114;0.006444683;0.002148228;0.002148228;0.002148228;0.004296455;0.001074114;0.008592911;0;0.005370569;0.002148228;0.002148228;0.004296455;0.001074114;0.003222342;0.004296455;0.001074114;0.001074114;0.001074114;0.001074114;0;0.006444683;0.002148228;0;0;0.003222342;0.005370569;0.006444683;0.002148228;0.001074114;0.001074114;0.001074114;0.002148228;0.002148228;0.004296455;0;0;0.001074114;0;0.002148228;0.001074114;0.002148228;0.002148228;0.001074114;0.002148228;0.001074114;0.004296455;0.001074114;0;0;0.002148228;0.002148228;0.003222342;0.001074114;0.001074114;0.001074114;0;0;0.002148228;0.006444683;0.001074114;0.001074114;0.001074114;0.001074114;0.002148228;0.003222342;0.001074114;0.003222342;0;0.002148228;0.001074114;0.002148228;0.004296455;0.003222342;0.003222342;0.002148228;0.005370569;0.002148228;0.001074114;0.003222342;0;0.002148228;0.003222342;0.001074114;0.003222342;0.003222342;0.004296455;0.001074114;0.002148228;0.006444683;0.003222342;0;0.005370569;0;0.004296455;0.003222342;0.003222342;0.001074114;0.010741139;0.010741139;0.003222342;0.002148228;0.002148228;0.003222342;0.004296455;0.005370569;0.012889366;0.007518797;0;0.006444683;0.002148228;0.002148228;0;0;0;0.001074114;0.001074114;0.002148228;0;0.005370569;0.001074114;0.001074114;0.002148228;0;0.001074114;0.002148228;0.001074114;0.002148228;0;0.002148228;0.004296455;0.005370569;0.002148228;0.002148228;0.003222342;0.001074114;0;0.001074114;0.004296455;0.009667025;0.002148228;0.003222342;0.002148228;0.004296455;0.004296455;0.002148228;0.001074114;0.005370569;0.001074114;0.001074114;0.002148228;0.001074114;0.002148228;0.001074114;0.002148228;0.003222342;0.004296455;0.001074114;0.001074114;0.002148228;0;0.003222342;0.001074114;0;0;0.001074114;0.003222342;0.001074114;0;0.002148228;0.002148228;0;0.004296455;0.002148228;0.002148228;0.002148228;0.003222342;0;0.001074114;0.001074114;0.001074114;0.001074114;0;0;0.001074114;0.001074114;0.003222342;0.002148228;0;0.001074114;0.004296455;0.001074114;0.001074114;0.001074114;0.003222342;0.001074114;0.002148228;0.003222342;0.004296455;0.007518797;0;0.004296455;0;0.004296455;0;0;0.002148228;0.003222342;0;0.003222342;0.004296455;0;0.003222342;0.002148228;0.003222342;0.003222342;0.002148228;0.003222342;0.002148228;0.005370569;0.002148228;0.001074114;0;0.002148228;0.004296455;0.003222342;0.006444683;0.005370569;0;0.003222342;0.003222342;0.002148228;0.006444683;0.002148228;0.001074114;0.003222342;0;0.002148228;0.005370569;0.004296455;0.004296455;0.004296455;0.003222342;0.001074114;0.002148228;0.005370569;0.004296455;0.007518797;0;0.003222342;0.006444683;0.002148228;0.006444683;0.004296455;0.004296455;0.001074114;0.001074114;0.003222342;0.005370569;0.006444683;0.002148228;0.005370569;0.003222342;0.001074114;0.003222342;0.005370569;0.002148228;0.009667025;0;0.006444683;0;0;0.003222342;0.001074114;0;0.001074114;0.001074114;0;0;0;0;0;0;0;0;0;0.001074114;0;0;0.002148228;0.008592911;0;0.007518797;0.003222342;0.004296455;0.001074114;0.002148228;0.002148228;0;0.003222342;0;0.004296455;0.003222342;0.002148228;0.004296455;0.003222342;0.003222342;0.003222342;0.002148228;0.004296455;YP_009725307.1
0.003184713;0;0.006369427;0;0.003184713;0.003184713;0;0;0;0.015923567;0;0.006369427;0.003184713;0.003184713;0.003184713;0.003184713;0.006369427;0.003184713;0;0.006369427;0.006369427;0;0;0;0;0.00955414;0;0.003184713;0.006369427;0;0;0.003184713;0;0;0;0;0.003184713;0;0;0.003184713;0.003184713;0;0.003184713;0;0;0.006369427;0;0;0;0;0.003184713;0.006369427;0.003184713;0;0;0.003184713;0.003184713;0.00955414;0;0;0.00955414;0;0;0;0;0.003184713;0;0;0;0.00955414;0;0.003184713;0;0.003184713;0;0.003184713;0.006369427;0.003184713;0;0.00955414;0;0.003184713;0;0.003184713;0;0.003184713;0;0;0.003184713;0.003184713;0;0.003184713;0;0.003184713;0;0;0.006369427;0.003184713;0;0.006369427;0.006369427;0;0.003184713;0.006369427;0;0;0.003184713;0;0.006369427;0.003184713;0;0.003184713;0.006369427;0.006369427;0.003184713;0;0.006369427;0.006369427;0;0;0.003184713;0;0;0.003184713;0;0.003184713;0;0.003184713;0;0;0;0.003184713;0;0;0;0;0.00955414;0;0;0.003184713;0;0;0.003184713;0.003184713;0;0;0;0;0.012738854;0.003184713;0;0.003184713;0.003184713;0;0;0;0.006369427;0;0;0;0;0;0;0.006369427;0.003184713;0.00955414;0.006369427;0.003184713;0.006369427;0;0;0;0.003184713;0.003184713;0.003184713;0.003184713;0.00955414;0.003184713;0.006369427;0.006369427;0.006369427;0;0.006369427;0;0.003184713;0.006369427;0.003184713;0.003184713;0.00955414;0.006369427;0;0.006369427;0.003184713;0.006369427;0.003184713;0.003184713;0.00955414;0.003184713;0;0.003184713;0;0;0;0;0;0.003184713;0;0;0;0;0.003184713;0;0;0;0;0.012738854;0.003184713;0;0;0.003184713;0;0.003184713;0.003184713;0;0.003184713;0.003184713;0.003184713;0.003184713;0.003184713;0.006369427;0;0.003184713;0.003184713;0;0;0.006369427;0;0.003184713;0;0.003184713;0.006369427;0.003184713;0;0;0.003184713;0;0.003184713;0.003184713;0;0;0;0.003184713;0.006369427;0.003184713;0;0.003184713;0.003184713;0;0;0;0.003184713;0.003184713;0.003184713;0.003184713;0.006369427;0;0.003184713;0.006369427;0;0;0;0;0;0.015923567;0;0;0.003184713;0.006369427;0;0.003184713;0.006369427;0;0;0.003184713;0;0;0;0;0;0;0;0;0;0;0;0;0.003184713;0.006369427;0;0.003184713;0.006369427;0.003184713;0;0.006369427;0.003184713;0;0.003184713;0.003184713;0.003184713;0;0.003184713;0;0.003184713;0;0;0.003184713;0;0;0;0.00955414;0.003184713;0.00955414;0.006369427;0;0.006369427;0.003184713;0;0.006369427;0.012738854;0.015923567;0.003184713;0;0;0.003184713;0;0.006369427;0.015923567;0.006369427;0;0.006369427;0;0.003184713;0.006369427;0.006369427;0.006369427;0.003184713;0;0;0;0.006369427;0.006369427;0.003184713;0;0.006369427;0.006369427;0;0.003184713;0.006369427;0;0;0.003184713;0;0;0;0;0;0;0;0.003184713;0;0;0;0;0;0;0;0;0;0;0;0;0.006369427;0;0.006369427;0;0.003184713;0.003184713;0;0.00955414;0.012738854;0.006369427;0;0.003184713;0.003184713;0.003184713;0;0.006369427;0.003184713;0;0.006369427;PLpro_SARS-CoV-2
0.006557377;0;0;0;0.006557377;0;0.006557377;0;0.003278689;0.003278689;0.006557377;0;0.003278689;0;0;0.006557377;0.006557377;0;0.003278689;0.003278689;0;0;0.003278689;0.006557377;0;0;0;0.003278689;0;0.003278689;0.003278689;0;0.003278689;0.003278689;0.003278689;0;0;0;0;0.006557377;0.003278689;0;0;0;0;0;0.006557377;0.006557377;0.003278689;0.003278689;0.016393443;0;0.003278689;0.006557377;0.006557377;0.003278689;0;0;0.006557377;0.003278689;0;0;0.003278689;0.003278689;0;0.009836066;0.003278689;0.003278689;0;0.003278689;0.006557377;0;0;0.003278689;0;0;0.006557377;0;0.003278689;0.009836066;0.003278689;0;0.003278689;0.003278689;0;0;0.006557377;0.003278689;0;0.003278689;0;0;0.003278689;0.003278689;0;0.003278689;0.003278689;0;0.003278689;0;0;0;0;0.003278689;0;0;0;0;0;0;0.006557377;0.003278689;0.003278689;0;0;0.003278689;0;0;0.006557377;0.003278689;0.006557377;0.006557377;0;0;0;0;0;0.003278689;0;0.003278689;0.003278689;0;0.003278689;0.003278689;0;0;0.003278689;0;0.003278689;0.009836066;0.009836066;0;0.019672131;0;0.006557377;0.006557377;0;0;0;0.003278689;0.006557377;0.003278689;0;0;0.003278689;0.013114754;0.006557377;0;0.003278689;0.003278689;0;0.003278689;0.003278689;0.003278689;0;0;0;0.003278689;0.003278689;0;0;0;0.003278689;0;0;0;0;0;0;0.003278689;0;0.003278689;0.003278689;0.003278689;0;0;0;0.003278689;0;0;0.003278689;0;0;0;0;0;0.009836066;0;0;0.009836066;0.003278689;0;0.003278689;0.006557377;0;0.006557377;0.003278689;0.003278689;0;0.006557377;0.009836066;0.003278689;0.003278689;0.009836066;0.006557377;0.003278689;0.006557377;0.006557377;0;0.013114754;0;0.006557377;0;0;0;0;0;0.003278689;0;0.003278689;0.009836066;0;0.003278689;0;0.006557377;0;0;0;0.003278689;0;0.006557377;0;0;0.006557377;0.003278689;0;0;0.003278689;0.003278689;0;0;0.003278689;0;0;0;0.003278689;0;0;0.003278689;0;0.003278689;0.003278689;0.009836066;0.003278689;0;0.003278689;0;0.006557377;0;0;0;0.003278689;0;0;0.006557377;0.006557377;0.006557377;0.003278689;0;0;0;0.003278689;0.006557377;0;0.003278689;0.003278689;0.003278689;0.006557377;0;0;0.003278689;0;0;0.003278689;0;0.003278689;0.006557377;0;0;0;0.003278689;0;0;0;0.003278689;0;0;0.016393443;0.003278689;0;0.003278689;0.003278689;0;0.003278689;0.006557377;0;0.003278689;0;0;0.003278689;0;0.003278689;0;0.006557377;0.003278689;0;0.009836066;0.009836066;0;0.003278689;0.003278689;0.003278689;0;0.009836066;0.003278689;0;0.016393443;0;0;0.006557377;0.003278689;0.003278689;0;0;0;0;0;0;0;0;0.003278689;0;0;0;0;0;0;0;0;0;0;0;0.006557377;0.003278689;0.006557377;0;0;0;0;0;0.003278689;0.006557377;0;0.003278689;0;0;0;0;0;0.006557377;0.006557377;0.003278689;0.006557377;0.006557377;0.006557377;0;0.003278689;0.009836066;0.006557377;0;0.006557377;0.006557377;0.003278689;0.006557377;0;0.006557377;0.003278689;0;0;0.006557377;6LU7
