;com;prot
0;Syringaresinol;YP_009725307.1
0;Syringaresinol;K4LC41_9BETC
0;Syringaresinol;PLpro_SARS-CoV-2
0;Syringaresinol;6LU7:A
0;Syringaresinol;6M0J:A
0;Syringaresinol;6LZG:A
0;Syringaresinol;6VSB:A
0;Syringaresinol;6VXX:A
0;Amaranthine;YP_009725307.1
0;Amaranthine;K4LC41_9BETC
0;Amaranthine;PLpro_SARS-CoV-2
0;Amaranthine;6LU7:A
0;Amaranthine;6M0J:A
0;Amaranthine;6LZG:A
0;Amaranthine;6VSB:A
0;Amaranthine;6VXX:A
0;Methylthio;YP_009725307.1
0;Methylthio;K4LC41_9BETC
0;Methylthio;PLpro_SARS-CoV-2
0;Methylthio;6LU7:A
0;Methylthio;6M0J:A
0;Methylthio;6LZG:A
0;Methylthio;6VSB:A
0;Methylthio;6VXX:A
0;arabinopyrano;YP_009725307.1
0;arabinopyrano;K4LC41_9BETC
0;arabinopyrano;PLpro_SARS-CoV-2
0;arabinopyrano;6LU7:A
0;arabinopyrano;6M0J:A
0;arabinopyrano;6LZG:A
0;arabinopyrano;6VSB:A
0;arabinopyrano;6VXX:A
0;Peonidin-3;YP_009725307.1
0;Peonidin-3;K4LC41_9BETC
0;Peonidin-3;PLpro_SARS-CoV-2
0;Peonidin-3;6LU7:A
0;Peonidin-3;6M0J:A
0;Peonidin-3;6LZG:A
0;Peonidin-3;6VSB:A
0;Peonidin-3;6VXX:A
0;Quercetin-3;YP_009725307.1
0;Quercetin-3;K4LC41_9BETC
0;Quercetin-3;PLpro_SARS-CoV-2
0;Quercetin-3;6LU7:A
0;Quercetin-3;6M0J:A
0;Quercetin-3;6LZG:A
0;Quercetin-3;6VSB:A
0;Quercetin-3;6VXX:A
0;Theviridoside;YP_009725307.1
0;Theviridoside;K4LC41_9BETC
0;Theviridoside;PLpro_SARS-CoV-2
0;Theviridoside;6LU7:A
0;Theviridoside;6M0J:A
0;Theviridoside;6LZG:A
0;Theviridoside;6VSB:A
0;Theviridoside;6VXX:A
0;Sinigrin;YP_009725307.1
0;Sinigrin;K4LC41_9BETC
0;Sinigrin;PLpro_SARS-CoV-2
0;Sinigrin;6LU7:A
0;Sinigrin;6M0J:A
0;Sinigrin;6LZG:A
0;Sinigrin;6VSB:A
0;Sinigrin;6VXX:A
0;Caffeoylbeta;YP_009725307.1
0;Caffeoylbeta;K4LC41_9BETC
0;Caffeoylbeta;PLpro_SARS-CoV-2
0;Caffeoylbeta;6LU7:A
0;Caffeoylbeta;6M0J:A
0;Caffeoylbeta;6LZG:A
0;Caffeoylbeta;6VSB:A
0;Caffeoylbeta;6VXX:A
0;Azadirachtin;YP_009725307.1
0;Azadirachtin;K4LC41_9BETC
0;Azadirachtin;PLpro_SARS-CoV-2
0;Azadirachtin;6LU7:A
0;Azadirachtin;6M0J:A
0;Azadirachtin;6LZG:A
0;Azadirachtin;6VSB:A
0;Azadirachtin;6VXX:A
0;Hesperidine;YP_009725307.1
0;Hesperidine;K4LC41_9BETC
0;Hesperidine;PLpro_SARS-CoV-2
0;Hesperidine;6LU7:A
0;Hesperidine;6M0J:A
0;Hesperidine;6LZG:A
0;Hesperidine;6VSB:A
0;Hesperidine;6VXX:A
0;Myricetin-3;YP_009725307.1
0;Myricetin-3;K4LC41_9BETC
0;Myricetin-3;PLpro_SARS-CoV-2
0;Myricetin-3;6LU7:A
0;Myricetin-3;6M0J:A
0;Myricetin-3;6LZG:A
0;Myricetin-3;6VSB:A
0;Myricetin-3;6VXX:A
0;(+)-2;3-Dihydro-9-hydroxy
0;(+)-2;3-Dihydro-9-hydroxy
0;(+)-2;3-Dihydro-9-hydroxy
0;(+)-2;3-Dihydro-9-hydroxy
0;(+)-2;3-Dihydro-9-hydroxy
0;(+)-2;3-Dihydro-9-hydroxy
0;(+)-2;3-Dihydro-9-hydroxy
0;(+)-2;3-Dihydro-9-hydroxy
0;Cyanidin-3;YP_009725307.1
0;Cyanidin-3;K4LC41_9BETC
0;Cyanidin-3;PLpro_SARS-CoV-2
0;Cyanidin-3;6LU7:A
0;Cyanidin-3;6M0J:A
0;Cyanidin-3;6LZG:A
0;Cyanidin-3;6VSB:A
0;Cyanidin-3;6VXX:A
0;Catalpol;YP_009725307.1
0;Catalpol;K4LC41_9BETC
0;Catalpol;PLpro_SARS-CoV-2
0;Catalpol;6LU7:A
0;Catalpol;6M0J:A
0;Catalpol;6LZG:A
0;Catalpol;6VSB:A
0;Catalpol;6VXX:A
0;Beta-glucogallin;YP_009725307.1
0;Beta-glucogallin;K4LC41_9BETC
0;Beta-glucogallin;PLpro_SARS-CoV-2
0;Beta-glucogallin;6LU7:A
0;Beta-glucogallin;6M0J:A
0;Beta-glucogallin;6LZG:A
0;Beta-glucogallin;6VSB:A
0;Beta-glucogallin;6VXX:A
0;Scandoside;YP_009725307.1
0;Scandoside;K4LC41_9BETC
0;Scandoside;PLpro_SARS-CoV-2
0;Scandoside;6LU7:A
0;Scandoside;6M0J:A
0;Scandoside;6LZG:A
0;Scandoside;6VSB:A
0;Scandoside;6VXX:A
0;Scutellarein;YP_009725307.1
0;Scutellarein;K4LC41_9BETC
0;Scutellarein;PLpro_SARS-CoV-2
0;Scutellarein;6LU7:A
0;Scutellarein;6M0J:A
0;Scutellarein;6LZG:A
0;Scutellarein;6VSB:A
0;Scutellarein;6VXX:A
0;Casuarinin;YP_009725307.1
0;Casuarinin;K4LC41_9BETC
0;Casuarinin;PLpro_SARS-CoV-2
0;Casuarinin;6LU7:A
0;Casuarinin;6M0J:A
0;Casuarinin;6LZG:A
0;Casuarinin;6VSB:A
0;Casuarinin;6VXX:A
0;Morindone;YP_009725307.1
0;Morindone;K4LC41_9BETC
0;Morindone;PLpro_SARS-CoV-2
0;Morindone;6LU7:A
0;Morindone;6M0J:A
0;Morindone;6LZG:A
0;Morindone;6VSB:A
0;Morindone;6VXX:A
0;Alizarin;YP_009725307.1
0;Alizarin;K4LC41_9BETC
0;Alizarin;PLpro_SARS-CoV-2
0;Alizarin;6LU7:A
0;Alizarin;6M0J:A
0;Alizarin;6LZG:A
0;Alizarin;6VSB:A
0;Alizarin;6VXX:A
0;Spiraeoside;YP_009725307.1
0;Spiraeoside;K4LC41_9BETC
0;Spiraeoside;PLpro_SARS-CoV-2
0;Spiraeoside;6LU7:A
0;Spiraeoside;6M0J:A
0;Spiraeoside;6LZG:A
0;Spiraeoside;6VSB:A
0;Spiraeoside;6VXX:A
0;Glucobrassicin;YP_009725307.1
0;Glucobrassicin;K4LC41_9BETC
0;Glucobrassicin;PLpro_SARS-CoV-2
0;Glucobrassicin;6LU7:A
0;Glucobrassicin;6M0J:A
0;Glucobrassicin;6LZG:A
0;Glucobrassicin;6VSB:A
0;Glucobrassicin;6VXX:A
0;Geniposide;YP_009725307.1
0;Geniposide;K4LC41_9BETC
0;Geniposide;PLpro_SARS-CoV-2
0;Geniposide;6LU7:A
0;Geniposide;6M0J:A
0;Geniposide;6LZG:A
0;Geniposide;6VSB:A
0;Geniposide;6VXX:A
0;Oleoside;YP_009725307.1
0;Oleoside;K4LC41_9BETC
0;Oleoside;PLpro_SARS-CoV-2
0;Oleoside;6LU7:A
0;Oleoside;6M0J:A
0;Oleoside;6LZG:A
0;Oleoside;6VSB:A
0;Oleoside;6VXX:A
0;Majoroside;YP_009725307.1
0;Majoroside;K4LC41_9BETC
0;Majoroside;PLpro_SARS-CoV-2
0;Majoroside;6LU7:A
0;Majoroside;6M0J:A
0;Majoroside;6LZG:A
0;Majoroside;6VSB:A
0;Majoroside;6VXX:A
0;Loganic;YP_009725307.1
0;Loganic;K4LC41_9BETC
0;Loganic;PLpro_SARS-CoV-2
0;Loganic;6LU7:A
0;Loganic;6M0J:A
0;Loganic;6LZG:A
0;Loganic;6VSB:A
0;Loganic;6VXX:A
0;Glucoputran;YP_009725307.1
0;Glucoputran;K4LC41_9BETC
0;Glucoputran;PLpro_SARS-CoV-2
0;Glucoputran;6LU7:A
0;Glucoputran;6M0J:A
0;Glucoputran;6LZG:A
0;Glucoputran;6VSB:A
0;Glucoputran;6VXX:A
0;Isoforskolin;YP_009725307.1
0;Isoforskolin;K4LC41_9BETC
0;Isoforskolin;PLpro_SARS-CoV-2
0;Isoforskolin;6LU7:A
0;Isoforskolin;6M0J:A
0;Isoforskolin;6LZG:A
0;Isoforskolin;6VSB:A
0;Isoforskolin;6VXX:A
0;Kaempferol-3;YP_009725307.1
0;Kaempferol-3;K4LC41_9BETC
0;Kaempferol-3;PLpro_SARS-CoV-2
0;Kaempferol-3;6LU7:A
0;Kaempferol-3;6M0J:A
0;Kaempferol-3;6LZG:A
0;Kaempferol-3;6VSB:A
0;Kaempferol-3;6VXX:A
